id,name,price,image_src,category_id,link,code
137694,PYÖRÄN KULJETUSTELINE THULE EASYFORD XT,"808,67 €",https://www.loukko.com/assets/ProductCatalog/148/SilverShop_Page_Product-147706/9ba4ce87b2767bac7829a9350977d6fd__PadWzM4OCwzODgsIkZGRkZGRiIsMF0_WatermarkWzAsMCwzODgsMzg4LCJDZW50ZXIiLDI2Njk0MV0_WebP~png.webp,20886,https://www.loukko.com/sahkopyorat/pyoran-kuljetusteline-thule-easyford-xt,933100
137695,Yamaha BOOSTER Easy sähköpyörä,"3450,24 €",https://www.loukko.com/assets/ProductCatalog/148/SilverShop_Page_Product-147707/dbfd473235a59a8d49294fdf04e206c8__PadWzM4OCwzODgsIkZGRkZGRiIsMF0_WatermarkWzAsMCwzODgsMzg4LCJDZW50ZXIiLDI2Njk0MV0_WebP~jpg.webp,20886,https://www.loukko.com/sahkopyorat/yamaha-booster-easy-sahkopyora,Yamaha BOOSTER Easy
137696,Yamaha BOOSTER Easy Tech Graphite sähköpyörä,"2589,00 €",https://www.loukko.com/assets/ProductCatalog/290/SilverShop_Page_Product-289748/769ddb2d5a83a33cc2d72ba254474309_WatermarkWzAsMCwxMjAwLDY3NSwiQ2VudGVyIiwyNjY5NDFd__PadWzM4OCwzODgsIkZGRkZGRiIsMF0_WatermarkWzAsMCwzODgsMzg4LCJDZW50ZXIiLDI2Njk0MV0.webp,20886,https://www.loukko.com/sahkopyorat/yamaha-booster-easy-sahkopyora-2,Yamaha BOOSTER Easy
137697,Yamaha BOOSTER sähköpyörä,"3868,23 €",https://www.loukko.com/assets/ProductCatalog/148/SilverShop_Page_Product-147708/b8da556151e8b18b37745c52ee6ce8b9__PadWzM4OCwzODgsIkZGRkZGRiIsMF0_WatermarkWzAsMCwzODgsMzg4LCJDZW50ZXIiLDI2Njk0MV0_WebP~jpg.webp,20886,https://www.loukko.com/sahkopyorat/yamaha-booster-sahkopyora,Yamaha BOOSTER
137698,Yamaha CrossCore RC Sähköpyörä,"2613,23 €",https://www.loukko.com/assets/ProductCatalog/148/SilverShop_Page_Product-147709/e23106d8e3d857a35445fe5a60bbf5c6__PadWzM4OCwzODgsIkZGRkZGRiIsMF0_WatermarkWzAsMCwzODgsMzg4LCJDZW50ZXIiLDI2Njk0MV0_WebP~jpg.webp,20886,https://www.loukko.com/sahkopyorat/yamaha-crosscore-rc-sahkopyora,CrossCore RC
137699,Yamaha CrossCore RC Sähköpyörä Koko S,"2195,00 €",https://www.loukko.com/assets/ProductCatalog/148/SilverShop_Page_Product-147709/53ff54b068a9b1547045b7f9488bf88f__PadWzM4OCwzODgsIkZGRkZGRiIsMF0_WatermarkWzAsMCwzODgsMzg4LCJDZW50ZXIiLDI2Njk0MV0_WebP~jpg.webp,20886,https://www.loukko.com/sahkopyorat/yamaha-crosscore-rc-sahkopyora-2,CrossCore RC
137700,Yamaha MORO 07 30-vuotisjuhla malli,"5123,23 €",https://www.loukko.com/assets/ProductCatalog/277/SilverShop_Page_Product-276543/2023-Yamaha-YDX-MORO-EU-Factory_Silver-Studio-001-03-1__PadWzM4OCwzODgsIkZGRkZGRiIsMF0_WatermarkWzAsMCwzODgsMzg4LCJDZW50ZXIiLDI2Njk0MV0_WebP~jpg.webp,20886,https://www.loukko.com/sahkopyorat/yamaha-moro-07-30-vuotisjuhla,MORO0730-vuotisjuhla
137701,Yamaha Moro 07 Sähköpyörä,"4914,74 €",https://www.loukko.com/assets/ProductCatalog/148/SilverShop_Page_Product-147710/7a4261ca876953216fdae04bbc6fb15e__PadWzM4OCwzODgsIkZGRkZGRiIsMF0_WatermarkWzAsMCwzODgsMzg4LCJDZW50ZXIiLDI2Njk0MV0_WebP~jpg.webp,20886,https://www.loukko.com/sahkopyorat/yamaha-moro-07-sahkopyora,Moro 07
137702,Yamaha Wabash RT Sähköpyörä,"3659,74 €",https://www.loukko.com/assets/ProductCatalog/148/SilverShop_Page_Product-147711/2f4d40ccc5033d91b17b16baa3b0a209__PadWzM4OCwzODgsIkZGRkZGRiIsMF0_WatermarkWzAsMCwzODgsMzg4LCJDZW50ZXIiLDI2Njk0MV0_WebP~jpg.webp,20886,https://www.loukko.com/sahkopyorat/yamaha-wabash-rt-sahkopyora,Wabash RT
137703,GasGas ECA 1 Sähköpyörä,"4390,00 €",https://www.loukko.com/assets/ProductCatalog/281/SilverShop_Page_Product-280491/PHO_BIKE_PERS_REVO_GAS-24-ECA-1-jet-black_SALL_AEPI_V2__PadWzM4OCwzODgsIkZGRkZGRiIsMF0_WatermarkWzAsMCwzODgsMzg4LCJDZW50ZXIiLDI2Njk0MV0.webp,20889,https://www.loukko.com/sahkopyorat/gas-gas-eca-1-29x46cm,31023416
137704,GasGas ECA 2 Sähköpyörä,"4390,00 €",https://www.loukko.com/assets/ProductCatalog/285/SilverShop_Page_Product-284552/PHO_BIKE_90_RE_GAS-24-ECA2-anthracite-Render_SALL_AEPI_V3__PadWzM4OCwzODgsIkZGRkZGRiIsMF0_WatermarkWzAsMCwzODgsMzg4LCJDZW50ZXIiLDI2Njk0MV0.webp,20889,https://www.loukko.com/sahkopyorat/gasgas-eca-2-sahkopyora,31023426
137705,GasGas ECA 3 sähköpyörä,"6399,00 €",https://www.loukko.com/assets/ProductCatalog/148/SilverShop_Page_Product-147676/PHO_BIKE_PERS_REVO_GAS-24-ECA-3-electronic-red_SALL_AEPI_V1-1__PadWzM4OCwzODgsIkZGRkZGRiIsMF0_WatermarkWzAsMCwzODgsMzg4LCJDZW50ZXIiLDI2Njk0MV0.webp,20889,https://www.loukko.com/sahkopyorat/gasgas-eca-3-sahkopyora,31023433
137706,GasGas TRA SE Sähköpyörä,"3290,00 €",https://www.loukko.com/assets/ProductCatalog/279/SilverShop_Page_Product-278342/PHO_BIKE_PERS_REVO_GAS-24-TRA-SE-jet-black_SALL_AEPI_V1__PadWzM4OCwzODgsIkZGRkZGRiIsMF0_WatermarkWzAsMCwzODgsMzg4LCJDZW50ZXIiLDI2Njk0MV0.webp,20889,https://www.loukko.com/sahkopyorat/gasgas-tra-se-2024-uutusmalli-heti-toimitukseen,31023210
137707,"GasGas Cross Country 2.0 Sähköpyörä, L-koko","2599,00 €",https://www.loukko.com/assets/ProductCatalog/295/SilverShop_Page_Product-294203/PHO_BIKE_PERS_REVO_GASGAS-CrossCountry-20-27-black-white-MY22-oblique-web_SALL_AEPI_V3__PadWzM4OCwzODgsIkZGRkZGRiIsMF0_WatermarkWzAsMCwzODgsMzg4LCJDZW50ZXIiLDI2Njk0MV0.webp,20889,https://www.loukko.com/sahkopyorat/gasgas-cross-country-2-0-sahkopyora,4701001450
137708,GasGas ECC 4 Sähköpyörä,"7399,00 €",https://www.loukko.com/assets/ProductCatalog/277/SilverShop_Page_Product-276900/PHO_BIKE_90_RE_GAS-24-ECC4-anthracite-Render_SALL_AEPI_V3__PadWzM4OCwzODgsIkZGRkZGRiIsMF0_WatermarkWzAsMCwzODgsMzg4LCJDZW50ZXIiLDI2Njk0MV0_WebP~png.webp,20889,https://www.loukko.com/sahkopyorat/gasgas-ecc-4-sahkomaastopyora,31024030
137709,GasGas ECC 5 Sähköpyörä,"9399,00 €",https://www.loukko.com/assets/ProductCatalog/281/SilverShop_Page_Product-280499/PHO_BIKE_PERS_REVO_GAS-24-ECC-5-black_SALL_AEPI_V1__PadWzM4OCwzODgsIkZGRkZGRiIsMF0_WatermarkWzAsMCwzODgsMzg4LCJDZW50ZXIiLDI2Njk0MV0.webp,20889,https://www.loukko.com/sahkopyorat/gas-gas-ecc5-sahkopyora,31024022
137710,GasGas ECC 6 Sähköpyörä,"10499,00 €",https://www.loukko.com/assets/ProductCatalog/281/SilverShop_Page_Product-280501/PHO_BIKE_PERS_REVO_GAS-24-ECC-6-sangria-red_SALL_AEPI_V1__PadWzM4OCwzODgsIkZGRkZGRiIsMF0_WatermarkWzAsMCwzODgsMzg4LCJDZW50ZXIiLDI2Njk0MV0.webp,20889,https://www.loukko.com/sahkopyorat/gas-gas-eec6-sahkooyora,31024020
137711,"GasGas Enduro 3.0 Sähköpyörä, S-koko heti toimitukseen Kauhajoelta","4990,00 €",https://www.loukko.com/assets/ProductCatalog/148/SilverShop_Page_Product-147681/7d4aad7829df5523dd703db274c75e51__PadWzM4OCwzODgsIkZGRkZGRiIsMF0_WatermarkWzAsMCwzODgsMzg4LCJDZW50ZXIiLDI2Njk0MV0_WebP~png.webp,20889,https://www.loukko.com/sahkopyorat/gasgas-g-enduro-3-0,47000024
137712,GasGas Light Trail 2.0 Sähköpyörä,"4399,00 €",https://www.loukko.com/assets/ProductCatalog/148/SilverShop_Page_Product-147689/0485dbb890ecd7c99f4bb6573bfdd80d__PadWzM4OCwzODgsIkZGRkZGRiIsMF0_WatermarkWzAsMCwzODgsMzg4LCJDZW50ZXIiLDI2Njk0MV0_WebP~png.webp,20889,https://www.loukko.com/sahkopyorat/gas-gas-light-trail-2-0-sahkopyora,47000016_
137713,GasGas Moto 2,"2699,00 €",https://www.loukko.com/assets/ProductCatalog/281/SilverShop_Page_Product-280516/moto23__PadWzM4OCwzODgsIkZGRkZGRiIsMF0_WatermarkWzAsMCwzODgsMzg4LCJDZW50ZXIiLDI2Njk0MV0.webp,20889,https://www.loukko.com/sahkopyorat/gas-gas-moto-2,3602402000
137714,GasGas MXA 2 Sähköpyörä,"3349,00 €",https://www.loukko.com/assets/ProductCatalog/285/SilverShop_Page_Product-284550/GAS24_MXA2_blancawhite_blackfade_gloss_US_Render_front__PadWzM4OCwzODgsIkZGRkZGRiIsMF0_WatermarkWzAsMCwzODgsMzg4LCJDZW50ZXIiLDI2Njk0MV0.webp,20889,https://www.loukko.com/sahkopyorat/gasgas-mxa-2-sahkopyora,31023120
137715,GASGAS MXC 4 Sähköpyörä,"7399,00 €",https://www.loukko.com/assets/ProductCatalog/277/SilverShop_Page_Product-276901/PHO_BIKE_90_RE_GAS-24-MXC-4-sangriared-Render_SALL_AEPI_V1__PadWzM4OCwzODgsIkZGRkZGRiIsMF0_WatermarkWzAsMCwzODgsMzg4LCJDZW50ZXIiLDI2Njk0MV0_WebP~png.webp,20889,https://www.loukko.com/sahkopyorat/gasgas-mxc-4-sahkomaastopyora-2024,31024070_
137716,GasGas MXC 5 Sähköpyörä,"9399,00 €",https://www.loukko.com/assets/ProductCatalog/279/SilverShop_Page_Product-278683/PHO_BIKE_90_RE_GAS-24-MXC-5-blancawhite-Render_SALL_AEPI_V1__PadWzM4OCwzODgsIkZGRkZGRiIsMF0_WatermarkWzAsMCwzODgsMzg4LCJDZW50ZXIiLDI2Njk0MV0_WebP~png.webp,20889,https://www.loukko.com/sahkopyorat/gas-gas-mxc5-sahkopyora,31024062
137717,GasGas MXC 6 Sähköpyörä,"10499,00 €",https://www.loukko.com/assets/ProductCatalog/279/SilverShop_Page_Product-278684/PHO_BIKE_90_RE_GAS-24-MXC-6-electronic-red_SALL_AEPI_V1__PadWzM4OCwzODgsIkZGRkZGRiIsMF0_WatermarkWzAsMCwzODgsMzg4LCJDZW50ZXIiLDI2Njk0MV0_WebP~jpg.webp,20889,https://www.loukko.com/sahkopyorat/gas-gas-mxc6-sahkopyora,31024060_
137718,GasGas TRA 4 Sähköpyörä,"2990,00 €",https://www.loukko.com/assets/ProductCatalog/281/SilverShop_Page_Product-280513/pho_bike_90_re_gas-24-tra4-ht-turbine-silver-_23sall_23aepi_23v1__PadWzM4OCwzODgsIkZGRkZGRiIsMF0_WatermarkWzAsMCwzODgsMzg4LCJDZW50ZXIiLDI2Njk0MV0_WebP~jpg.webp,20889,https://www.loukko.com/sahkopyorat/gas-gas-tra4-sahkopyora-2,31023244
137719,GasGas Trail 1.0 Sähköpyörä L koko / Heti toimitukseen Kauhajoelta!,"3190,00 €",https://www.loukko.com/assets/ProductCatalog/290/SilverShop_Page_Product-289754/IMG_20240912_111653__PadWzM4OCwzODgsIkZGRkZGRiIsMF0_WatermarkWzAsMCwzODgsMzg4LCJDZW50ZXIiLDI2Njk0MV0.webp,20889,https://www.loukko.com/sahkopyorat/gasgas-g-trail-1-0-sahkopyora-3,4701001850
137720,GasGas Trail 1.0 Sähköpyörä M koko / Heti toimitukseen Kauhajoelta!,"3190,00 €",https://www.loukko.com/assets/ProductCatalog/290/SilverShop_Page_Product-289753/IMG_20240912_110819__PadWzM4OCwzODgsIkZGRkZGRiIsMF0_WatermarkWzAsMCwzODgsMzg4LCJDZW50ZXIiLDI2Njk0MV0.webp,20889,https://www.loukko.com/sahkopyorat/gasgas-g-trail-1-0-sahkopyora-2,4700001846
137721,GasGas Trail 2.0 Sähköpyörä,"3899,00 €",https://www.loukko.com/assets/ProductCatalog/148/SilverShop_Page_Product-147684/trail-2__PadWzM4OCwzODgsIkZGRkZGRiIsMF0_WatermarkWzAsMCwzODgsMzg4LCJDZW50ZXIiLDI2Njk0MV0.webp,20889,https://www.loukko.com/sahkopyorat/gasgas-g-trail-2-0-sahkopyora,47000019
137722,GasGas TRC SE Sähköpyörä,"4299,00 €",https://www.loukko.com/assets/ProductCatalog/281/SilverShop_Page_Product-280514/pho_bike_90_re_gas-24-trcse-blancawhite-render_23sall_23aepi_23v2_jpg__PadWzM4OCwzODgsIkZGRkZGRiIsMF0_WatermarkWzAsMCwzODgsMzg4LCJDZW50ZXIiLDI2Njk0MV0.webp,20889,https://www.loukko.com/sahkopyorat/gas-gas-trc-se-sahkopyora,31023216_
137723,GasGas Trekking 2.0 Gent Sähköpyörä,"2690,00 €",https://www.loukko.com/assets/ProductCatalog/148/SilverShop_Page_Product-147686/TREK2G__PadWzM4OCwzODgsIkZGRkZGRiIsMF0_WatermarkWzAsMCwzODgsMzg4LCJDZW50ZXIiLDI2Njk0MV0.webp,20889,https://www.loukko.com/sahkopyorat/gasgas-g-trekking-2-0-gent-sahkopyora,57000000_/57010000_
137724,GasGas Trekking 2.0 Wave Sähköpyörä,"2690,00 €",https://www.loukko.com/assets/ProductCatalog/148/SilverShop_Page_Product-147687/trew2__PadWzM4OCwzODgsIkZGRkZGRiIsMF0_WatermarkWzAsMCwzODgsMzg4LCJDZW50ZXIiLDI2Njk0MV0.webp,20889,https://www.loukko.com/sahkopyorat/gasgas-g-trekking-2-0-wave-sahkopyora,5701000144
137725,GasGas Trekking 3.0 Sähköpyörä,"3599,00 €",https://www.loukko.com/assets/ProductCatalog/148/SilverShop_Page_Product-147688/ter3__PadWzM4OCwzODgsIkZGRkZGRiIsMF0_WatermarkWzAsMCwzODgsMzg4LCJDZW50ZXIiLDI2Njk0MV0.webp,20889,https://www.loukko.com/sahkopyorat/gasgas-g-trekking-3-0-sahkopyora,57010002_
137726,GASGAS TRA SE 2024 / M koko / Liikkeen koeajopyörä,"3490,00 €",https://www.loukko.com/assets/ProductCatalog/290/SilverShop_Page_Product-289133/IMG_20240826_103806__PadWzM4OCwzODgsIkZGRkZGRiIsMF0_WatermarkWzAsMCwzODgsMzg4LCJDZW50ZXIiLDI2Njk0MV0.webp,20892,https://www.loukko.com/sahkopyorat/gasgas-tra-se-2024-uutusmalli-heti-toimitukseen-2,3102321144
137727,GAS GAS ECC5 Sähköpyörä / M/L koko / Liikkeen koeajopyörä,"7990,00 €",https://www.loukko.com/assets/ProductCatalog/290/SilverShop_Page_Product-289134/IMG_20240826_104919__PadWzM4OCwzODgsIkZGRkZGRiIsMF0_WatermarkWzAsMCwzODgsMzg4LCJDZW50ZXIiLDI2Njk0MV0.webp,20892,https://www.loukko.com/sahkopyorat/gas-gas-ecc5-sahkopyora-2,3102402244
137728,GASGAS ENDURO 2.0 M-koko 1016km Liikkeen esittelypyörä,"3950,00 €",https://www.loukko.com/assets/ProductCatalog/296/SilverShop_Page_Product-295220/WhatsApp-Image-2025-04-10-at-13_33_28__PadWzM4OCwzODgsIkZGRkZGRiIsMF0_WatermarkWzAsMCwzODgsMzg4LCJDZW50ZXIiLDI2Njk0MV0.webp,20892,https://www.loukko.com/sahkopyorat/gasgas-enduro-2-0-m-koko-1016km-liikkeen-esittelypyora,4700002244
137729,Haibike Trekking Sduro 4.0 2019 Sähköpyörä,"1490,00 €",https://www.loukko.com/assets/ProductCatalog/295/SilverShop_Page_Product-294202/07d3d708-8eb7-42e3-be00-015c7459c405__PadWzM4OCwzODgsIkZGRkZGRiIsMF0_WatermarkWzAsMCwzODgsMzg4LCJDZW50ZXIiLDI2Njk0MV0.webp,20892,https://www.loukko.com/sahkopyorat/yamaha-haibike-trekking-sduro-4-0-2019-sahkopyora,A1-702999-8
137730,Yamaha MORO 07 / S koko / 0% korko / 135e kk erä / Heti toimitukseen,"4649,00 €",https://www.loukko.com/assets/ProductCatalog/274/SilverShop_Page_Product-273490/c0864791f2ec3000-large__PadWzM4OCwzODgsIkZGRkZGRiIsMF0_WatermarkWzAsMCwzODgsMzg4LCJDZW50ZXIiLDI2Njk0MV0_WebP~jpg.webp,20892,https://www.loukko.com/sahkopyorat/yamaha-yamaha-moro-07-0-korko-135e-kk-era-heti-toimitukseen,
137731,GAS GAS TRAIL SADETAKKI,"74,06 €",https://www.loukko.com/assets/ProductCatalog/150/SilverShop_Page_Product-149242/630025e9dc5a91134d9dc6e16064922b__PadWzM4OCwzODgsIkZGRkZGRiIsMF0_WatermarkWzAsMCwzODgsMzg4LCJDZW50ZXIiLDI2Njk0MV0_WebP~png.webp,20913,https://www.loukko.com/sahkopyorat/gas-gas-trail-sadetakki,3GB2200362
137732,GasGas G Trail Tuulitakki,"49,00 €",https://www.loukko.com/assets/ProductCatalog/150/SilverShop_Page_Product-149239/f07d10640d34b07c657b60217e574e41__PadWzM4OCwzODgsIkZGRkZGRiIsMF0_WatermarkWzAsMCwzODgsMzg4LCJDZW50ZXIiLDI2Njk0MV0_WebP~png.webp,20913,https://www.loukko.com/sahkopyorat/gas-gas-g-trail-tuulitakki,3GB2300189
137733,GasGas Pro takki,"61,68 €",https://www.loukko.com/assets/ProductCatalog/150/SilverShop_Page_Product-149240/c6479021a766327a00ff7433066b09f7__PadWzM4OCwzODgsIkZGRkZGRiIsMF0_WatermarkWzAsMCwzODgsMzg4LCJDZW50ZXIiLDI2Njk0MV0_WebP~png.webp,20913,https://www.loukko.com/sahkopyorat/gasgas-pro-jacket,3GG2300119
137734,GasGas Team Hardshell Takki,"185,11 €",https://www.loukko.com/assets/ProductCatalog/150/SilverShop_Page_Product-149241/a8377795db3b17dd221c36e664ff4852__PadWzM4OCwzODgsIkZGRkZGRiIsMF0_WatermarkWzAsMCwzODgsMzg4LCJDZW50ZXIiLDI2Njk0MV0_WebP~png.webp,20913,https://www.loukko.com/sahkopyorat/gasgas-team-hardshell-jacket,3GG2300314
137735,GasGas Team Softshell takki,"133,72 €",https://www.loukko.com/assets/ProductCatalog/279/SilverShop_Page_Product-278648/3GG230031500-P__PadWzM4OCwzODgsIkZGRkZGRiIsMF0_WatermarkWzAsMCwzODgsMzg4LCJDZW50ZXIiLDI2Njk0MV0_WebP~jpg.webp,20913,https://www.loukko.com/vaatteet-ja-ajovarusteet/gasgas-tean-softshell-takki,3GG2300315
137736,Lynx Active Tuulitakki,"49,00 €",https://www.loukko.com/assets/ProductCatalog/145/SilverShop_Page_Product-144456/0d6b9796337e51333fc580b99887143d__PadWzM4OCwzODgsIkZGRkZGRiIsMF0_WatermarkWzAsMCwzODgsMzg4LCJDZW50ZXIiLDI2Njk0MV0_WebP~jpg.webp,20913,https://www.loukko.com/sahkopyorat/lynx-active-takki,650148_90
137737,Gas Gas  Fast paita,"33,40 €",https://www.loukko.com/assets/ProductCatalog/283/SilverShop_Page_Product-282112/3gg23001250a__PadWzM4OCwzODgsIkZGRkZGRiIsMF0_WatermarkWzAsMCwzODgsMzg4LCJDZW50ZXIiLDI2Njk0MV0_WebP~png.webp,20916,https://www.loukko.com/sahkopyorat/gas-gas-fast-paita,3GG2300125
137738,Gas Gas Fast Air paita,"37,01 €",https://www.loukko.com/assets/ProductCatalog/283/SilverShop_Page_Product-282380/pho_gg_pw_pers_vs_66456_3gg24001940x_fast_air_jersey_front_sall_awsg_v1__PadWzM4OCwzODgsIkZGRkZGRiIsMF0_WatermarkWzAsMCwzODgsMzg4LCJDZW50ZXIiLDI2Njk0MV0_WebP~jpg.webp,20916,https://www.loukko.com/sahkopyorat/gas-gas-fast-air-paita,3GG2400194
137739,GasGas G Enduro paita,"40,10 €",https://www.loukko.com/assets/ProductCatalog/150/SilverShop_Page_Product-149245/d5d4524f6c1a38084c0b459d69ee2abb__PadWzM4OCwzODgsIkZGRkZGRiIsMF0_WatermarkWzAsMCwzODgsMzg4LCJDZW50ZXIiLDI2Njk0MV0_WebP~jpg.webp,20916,https://www.loukko.com/sahkopyorat/gasgas-g-enduro-longsleeve-jersey-mustapunainen-2,3GB2200367
137740,GasGas G Enduro T-paita,"36,09 €",https://www.loukko.com/assets/ProductCatalog/150/SilverShop_Page_Product-149246/fdd39db49bf415f23d643a7578698e0a__PadWzM4OCwzODgsIkZGRkZGRiIsMF0_WatermarkWzAsMCwzODgsMzg4LCJDZW50ZXIiLDI2Njk0MV0_WebP~jpg.webp,20916,https://www.loukko.com/sahkopyorat/gasgas-g-enduro-shortsleeve-jersey-mustapunainen,3GB2200358
137741,GasGas G TRAIL JERSEY paita,"27,05 €",https://www.loukko.com/assets/ProductCatalog/150/SilverShop_Page_Product-149249/77b52483654607bc7d13e40ca5879821__PadWzM4OCwzODgsIkZGRkZGRiIsMF0_WatermarkWzAsMCwzODgsMzg4LCJDZW50ZXIiLDI2Njk0MV0_WebP~jpg.webp,20916,https://www.loukko.com/sahkopyorat/gas-gas-g-trail-jersey-punainen,3GB2300139_
137742,GasGas G Trail T-paita naisten,"55,13 €",https://www.loukko.com/assets/ProductCatalog/150/SilverShop_Page_Product-149252/9985de70cffa5f02181542878c16c308__PadWzM4OCwzODgsIkZGRkZGRiIsMF0_WatermarkWzAsMCwzODgsMzg4LCJDZW50ZXIiLDI2Njk0MV0.webp,20916,https://www.loukko.com/sahkopyorat/gas-gas-women-g-trail-t-paita,3GB2300140
137743,GasGas Pro paita,"30,84 €",https://www.loukko.com/assets/ProductCatalog/145/SilverShop_Page_Product-144164/19432df862d243c61752661820f7eb55__PadWzM4OCwzODgsIkZGRkZGRiIsMF0_WatermarkWzAsMCwzODgsMzg4LCJDZW50ZXIiLDI2Njk0MV0_WebP~jpg.webp,20916,https://www.loukko.com/vaatteet-ja-ajovarusteet/gs-pro-jersey,3GG2100416
137744,GasGas G Enduro Housut,"72,21 €",https://www.loukko.com/assets/ProductCatalog/150/SilverShop_Page_Product-149228/8922dd371f5621263c8c321a45ce287d__PadWzM4OCwzODgsIkZGRkZGRiIsMF0_WatermarkWzAsMCwzODgsMzg4LCJDZW50ZXIiLDI2Njk0MV0_WebP~png.webp,20925,https://www.loukko.com/sahkopyorat/gasgas-g-enduro-pants-mustapunainensininen,3GB2300146
137745,GasGas G Enduro Housut,"72,21 €",https://www.loukko.com/assets/ProductCatalog/150/SilverShop_Page_Product-149227/af11fd9bd474309951a330ab3b4e6720__PadWzM4OCwzODgsIkZGRkZGRiIsMF0_WatermarkWzAsMCwzODgsMzg4LCJDZW50ZXIiLDI2Njk0MV0_WebP~jpg.webp,20925,https://www.loukko.com/sahkopyorat/gasgas-g-enduro-pants-mustapunainen,3GB2200369
137746,Lynx Active Housut,"159,00 €",https://www.loukko.com/assets/ProductCatalog/145/SilverShop_Page_Product-144784/44f2177ebe07ef25c2f53ddf73c12460__PadWzM4OCwzODgsIkZGRkZGRiIsMF0_WatermarkWzAsMCwzODgsMzg4LCJDZW50ZXIiLDI2Njk0MV0_WebP~jpg.webp,20925,https://www.loukko.com/sahkopyorat/lynx-active-housut,651136
137747,GAS GAS ENDURO 2IN1 shortsit,"123,48 €",https://www.loukko.com/assets/ProductCatalog/150/SilverShop_Page_Product-149226/bb4be40a12c0ce211930e29a5c673b25__PadWzM4OCwzODgsIkZGRkZGRiIsMF0_WatermarkWzAsMCwzODgsMzg4LCJDZW50ZXIiLDI2Njk0MV0_WebP~png.webp,20931,https://www.loukko.com/vaatteet-ja-ajovarusteet/gas-gas-enduro-2in1-shorts,3GB2200368
137748,GasGas G Trail 2IN1 Shortsit naisten,"60,17 €",https://www.loukko.com/assets/ProductCatalog/150/SilverShop_Page_Product-149230/f97aec6482a1fa2ec51085f21d389593__PadWzM4OCwzODgsIkZGRkZGRiIsMF0_WatermarkWzAsMCwzODgsMzg4LCJDZW50ZXIiLDI2Njk0MV0_WebP~jpg.webp,20931,https://www.loukko.com/sahkopyorat/gas-gas-women-g-trail-2in1-shortsit,3GB2300141
137749,GasGas G Trail Shortsit,"42,11 €",https://www.loukko.com/assets/ProductCatalog/150/SilverShop_Page_Product-149229/cef7b8239b5d69848a6482cdf0fb6ef0__PadWzM4OCwzODgsIkZGRkZGRiIsMF0_WatermarkWzAsMCwzODgsMzg4LCJDZW50ZXIiLDI2Njk0MV0_WebP~jpg.webp,20931,https://www.loukko.com/sahkopyorat/gas-gas-g-trail-shortsit,3GB2200356
137750,GasGas Trial liivi,"61,71 €",https://www.loukko.com/assets/ProductCatalog/283/SilverShop_Page_Product-282353/3GG240019102-P__PadWzM4OCwzODgsIkZGRkZGRiIsMF0_WatermarkWzAsMCwzODgsMzg4LCJDZW50ZXIiLDI2Njk0MV0_WebP~jpg.webp,20938,https://www.loukko.com/sahkopyorat/gas-gas-trial-liivi,3GG2400191
137751,Alpinestars A-Supra pyöräilyhanskat,"50,55 €",https://www.loukko.com/assets/ProductCatalog/284/SilverShop_Page_Product-283454/alpinestars-a-supra-shield-gloves-black-1-1636184__PadWzM4OCwzODgsIkZGRkZGRiIsMF0_WatermarkWzAsMCwzODgsMzg4LCJDZW50ZXIiLDI2Njk0MV0_WebP~jpg.webp,20946,https://www.loukko.com/sahkopyorat/alpinestars-a-supra-pyorailyhanskat,1567424-10-
137752,Alpinestars Gore-tex Infinium Windstopper hanskat,"57,64 €",https://www.loukko.com/assets/ProductCatalog/284/SilverShop_Page_Product-283455/gore-tex__PadWzM4OCwzODgsIkZGRkZGRiIsMF0_WatermarkWzAsMCwzODgsMzg4LCJDZW50ZXIiLDI2Njk0MV0_WebP~png.webp,20946,https://www.loukko.com/sahkopyorat/alpinestars-gore-tex-infinium-windstopper-hanskat,1520318-1190-
137753,Alpinestars Paraagon Lite LS suojaliivi,"192,25 €",https://www.loukko.com/assets/ProductCatalog/284/SilverShop_Page_Product-283460/Paragon-lite-suojaliivi__PadWzM4OCwzODgsIkZGRkZGRiIsMF0_WatermarkWzAsMCwzODgsMzg4LCJDZW50ZXIiLDI2Njk0MV0_WebP~png.webp,20946,https://www.loukko.com/sahkopyorat/alpinestars-paraagon-lite-ls-suojaliivi,1656920-10-
137754,Alpinestars Paragon Lite shortsit,"101,16 €",https://www.loukko.com/assets/ProductCatalog/284/SilverShop_Page_Product-283456/paragon-lite__PadWzM4OCwzODgsIkZGRkZGRiIsMF0_WatermarkWzAsMCwzODgsMzg4LCJDZW50ZXIiLDI2Njk0MV0_WebP~png.webp,20946,https://www.loukko.com/sahkopyorat/alpinestars-paragon-lite-shortsit,1657220-10-
137755,Alpinestars Vector polvisuojat,"80,92 €",https://www.loukko.com/assets/ProductCatalog/284/SilverShop_Page_Product-283457/vector-knee__PadWzM4OCwzODgsIkZGRkZGRiIsMF0_WatermarkWzAsMCwzODgsMzg4LCJDZW50ZXIiLDI2Njk0MV0_WebP~png.webp,20946,https://www.loukko.com/sahkopyorat/alpinestars-vector-polvisuojat,1650621-1036-
137756,GasGas Defender Liivi,"102,85 €",https://www.loukko.com/assets/ProductCatalog/145/SilverShop_Page_Product-144141/8580c477e8fadda1960997469d47664a__PadWzM4OCwzODgsIkZGRkZGRiIsMF0_WatermarkWzAsMCwzODgsMzg4LCJDZW50ZXIiLDI2Njk0MV0_WebP~jpg.webp,20946,https://www.loukko.com/sahkopyorat/gs-defender-vest,3GG2100431
137757,GasGas G Enduro Airflex Pro Kyynärsuojat,"100,28 €",https://www.loukko.com/assets/ProductCatalog/150/SilverShop_Page_Product-149222/85cd919822e60583bade7e4d2b2bfc74__PadWzM4OCwzODgsIkZGRkZGRiIsMF0_WatermarkWzAsMCwzODgsMzg4LCJDZW50ZXIiLDI2Njk0MV0_WebP~png.webp,20946,https://www.loukko.com/sahkopyorat/gasgas-g-enduro-airflex-pro-kyynarsuojat,3GB2300147
137758,GASGAS G ENDURO AIRFLEX PRO Polvisuojat,"110,31 €",https://www.loukko.com/assets/ProductCatalog/150/SilverShop_Page_Product-149223/f5c50fe635b83bf81d02dd0fdbe28d95__PadWzM4OCwzODgsIkZGRkZGRiIsMF0_WatermarkWzAsMCwzODgsMzg4LCJDZW50ZXIiLDI2Njk0MV0_WebP~png.webp,20946,https://www.loukko.com/sahkopyorat/gasgas-g-enduro-airflex-pro-polvisuojat,3GB2300148
137759,GasGas G Enduro LF Hanskat,"32,06 €",https://www.loukko.com/assets/ProductCatalog/150/SilverShop_Page_Product-149225/b18270c8f8242126345a8d06af2a23ff__PadWzM4OCwzODgsIkZGRkZGRiIsMF0_WatermarkWzAsMCwzODgsMzg4LCJDZW50ZXIiLDI2Njk0MV0_WebP~jpg.webp,20946,https://www.loukko.com/sahkopyorat/gasgas-g-enduro-lf-hanskat,3GB2200371
137760,GasGas G Trail Sukat,"10,00 €",https://www.loukko.com/assets/ProductCatalog/150/SilverShop_Page_Product-149218/e242095941680c25999c6b1d84e38b88__PadWzM4OCwzODgsIkZGRkZGRiIsMF0_WatermarkWzAsMCwzODgsMzg4LCJDZW50ZXIiLDI2Njk0MV0_WebP~jpg.webp,20946,https://www.loukko.com/sahkopyorat/gasgas-g-trail-sukat-musta,3GB22003650X
137761,GasGas G Trail Sukat,"10,00 €",https://www.loukko.com/assets/ProductCatalog/150/SilverShop_Page_Product-149219/860071b57ccbee68be443c913016c278__PadWzM4OCwzODgsIkZGRkZGRiIsMF0_WatermarkWzAsMCwzODgsMzg4LCJDZW50ZXIiLDI2Njk0MV0.webp,20946,https://www.loukko.com/sahkopyorat/gasgas-g-trail-sukat-punainen,3GB2200366
137762,GasGas Kyynärsuojat,"30,81 €",https://www.loukko.com/assets/ProductCatalog/145/SilverShop_Page_Product-144142/44b8f4fe7b4dc63a488624a272950eba__PadWzM4OCwzODgsIkZGRkZGRiIsMF0_WatermarkWzAsMCwzODgsMzg4LCJDZW50ZXIiLDI2Njk0MV0_WebP~jpg.webp,20946,https://www.loukko.com/sahkopyorat/gs-elbow-protector,3GG2100432
137763,Alpinestars Vector Tech Zeal pyöräilykypärä,"172,01 €",https://www.loukko.com/assets/ProductCatalog/284/SilverShop_Page_Product-283652/alpinestars-vector-tech-zeal-maastopyorailykypara__PadWzM4OCwzODgsIkZGRkZGRiIsMF0_WatermarkWzAsMCwzODgsMzg4LCJDZW50ZXIiLDI2Njk0MV0_WebP~jpg.webp,20955,https://www.loukko.com/sahkopyorat/alpinestars-vector-tech-zeal-pyorailykypara,8701924-1298-
137764,GasGas G Enduro Altec Kypärä,"170,52 €",https://www.loukko.com/assets/ProductCatalog/150/SilverShop_Page_Product-149233/b5273fda849b96510dcc5404409083ca__PadWzM4OCwzODgsIkZGRkZGRiIsMF0_WatermarkWzAsMCwzODgsMzg4LCJDZW50ZXIiLDI2Njk0MV0_WebP~png.webp,20955,https://www.loukko.com/sahkopyorat/gasgas-g-enduro-altec-kypara-musta,3GB2200370
137765,GasGas G Trail Kypärä,"90,24 €",https://www.loukko.com/assets/ProductCatalog/150/SilverShop_Page_Product-149234/b2ada45f598205bb0103ef143740eed7__PadWzM4OCwzODgsIkZGRkZGRiIsMF0_WatermarkWzAsMCwzODgsMzg4LCJDZW50ZXIiLDI2Njk0MV0_WebP~png.webp,20955,https://www.loukko.com/sahkopyorat/gas-gas-g-trail-kypara,3GB2300339
137766,GasGas Gravity EDrive Kypärä,"102,80 €",https://www.loukko.com/assets/ProductCatalog/284/SilverShop_Page_Product-283341/3GG230034603-P__PadWzM4OCwzODgsIkZGRkZGRiIsMF0_WatermarkWzAsMCwzODgsMzg4LCJDZW50ZXIiLDI2Njk0MV0_WebP~jpg.webp,20955,https://www.loukko.com/vaatteet-ja-ajovarusteet/gasgas-kids-gravity-edrive-helmet,3GG2300346
137767,GasGas Status Kypärä lasten,"185,20 €",https://www.loukko.com/assets/ProductCatalog/284/SilverShop_Page_Product-283338/3GG220048302-P__PadWzM4OCwzODgsIkZGRkZGRiIsMF0_WatermarkWzAsMCwzODgsMzg4LCJDZW50ZXIiLDI2Njk0MV0_WebP~jpg.webp,20955,https://www.loukko.com/vaatteet-ja-ajovarusteet/gasgas-kids-status-kypara,3GG2200483
137768,"Yamaha IXS Trigger (MIPS) MTB/Gravel ‑kypärä, harmaa","167,00 €",https://www.loukko.com/assets/ProductCatalog/148/SilverShop_Page_Product-147720/6f9087ca49185c761ec8da42bddce95b__PadWzM4OCwzODgsIkZGRkZGRiIsMF0_WatermarkWzAsMCwzODgsMzg4LCJDZW50ZXIiLDI2Njk0MV0_WebP~png.webp,20955,https://www.loukko.com/sahkopyorat/yamaha-ixs-trigger-mips-mtbgravel-kypara-harmaa,YMEFMTBH00_
137769,GasGas Juomapullo 500ml,"6,96 €",https://www.loukko.com/assets/ProductCatalog/289/SilverShop_Page_Product-288937/Convert-1200Wx1200H-PHO-DS-NMON-Bottle-GASGAS-SALL-AWSG-V1__PadWzM4OCwzODgsIkZGRkZGRiIsMF0_WatermarkWzAsMCwzODgsMzg4LCJDZW50ZXIiLDI2Njk0MV0.webp,21004,https://www.loukko.com/vaatteet-ja-ajovarusteet/gasgas-bicycles-bottle-500ml,GGB230007INT
137770,GasGas V6 Termospullo,"35,00 €",https://www.loukko.com/assets/ProductCatalog/289/SilverShop_Page_Product-288879/Convert-1200Wx1200H-PHO-GG-PW-PERS-VS-66486-3GG240032300-V6-THERMO-BOTTLE-SALL-AWSG-V1__PadWzM4OCwzODgsIkZGRkZGRiIsMF0_WatermarkWzAsMCwzODgsMzg4LCJDZW50ZXIiLDI2Njk0MV0.webp,21004,https://www.loukko.com/vaatteet-ja-ajovarusteet/gasgas-v6-termospullo,3GG240032300
137771,Pulloteline BBB FlexCage mattamusta,"20,14 €",https://www.loukko.com/assets/ProductCatalog/283/SilverShop_Page_Product-282125/bbbbbc-36-mb__PadWzM4OCwzODgsIkZGRkZGRiIsMF0_WatermarkWzAsMCwzODgsMzg4LCJDZW50ZXIiLDI2Njk0MV0_WebP~jpg.webp,21004,https://www.loukko.com/sahkopyorat/pulloteline-bbb-flexcage-mattamusta,8716683089691
137772,Yamaha juomapullo,"13,11 €",https://www.loukko.com/assets/ProductCatalog/289/SilverShop_Page_Product-288938/N22-BD008-B0-75-BIDON-WATER-BOTTLE-FOR-CYCLING-Studio-001_Tablet__PadWzM4OCwzODgsIkZGRkZGRiIsMF0_WatermarkWzAsMCwzODgsMzg4LCJDZW50ZXIiLDI2Njk0MV0.webp,21004,https://www.loukko.com/sahkopyorat/yamaha-juomapullo,N22BD008E075
137773,Yamaha Pulloteline,"15,14 €",https://www.loukko.com/assets/ProductCatalog/290/SilverShop_Page_Product-289872/Nayttokuva-2024-09-26-150639__PadWzM4OCwzODgsIkZGRkZGRiIsMF0_WatermarkWzAsMCwzODgsMzg4LCJDZW50ZXIiLDI2Njk0MV0.webp,21004,https://www.loukko.com/sahkopyorat/yamaha-pulloteline,YMEFBCAG0000
137774,Yamaha Racing -juomareppu,"59,71 €",https://www.loukko.com/assets/ProductCatalog/148/SilverShop_Page_Product-147740/cc9869c62fc6b30f1891ea30c1573466__PadWzM4OCwzODgsIkZGRkZGRiIsMF0_WatermarkWzAsMCwzODgsMzg4LCJDZW50ZXIiLDI2Njk0MV0_WebP~png.webp,21004,https://www.loukko.com/sahkopyorat/yamaha-racing-juomareppu,T21JG003B400
137775,Lezyne E-Bike Macro Drive 1000 etuvalo,"105,00 €",https://www.loukko.com/assets/ProductCatalog/284/SilverShop_Page_Product-283401/lezyne__PadWzM4OCwzODgsIkZGRkZGRiIsMF0_WatermarkWzAsMCwzODgsMzg4LCJDZW50ZXIiLDI2Njk0MV0_WebP~png.webp,21007,https://www.loukko.com/sahkopyorat/lezyne-e-bike-macro-drive-1000-etuvalo,1-LED-EMACR-V104S
137776,Moon Helix Lite 40/100 lm takavalo ladattava,"33,35 €",https://www.loukko.com/assets/ProductCatalog/284/SilverShop_Page_Product-283885/tuotesivu_PolkupyoranTakavaloMoonHelixLite40100lmLadattava_68696_2ddd477f959a044ef6201587e2479bdb_3__PadWzM4OCwzODgsIkZGRkZGRiIsMF0_WatermarkWzAsMCwzODgsMzg4LCJDZW50ZXIiLDI2Njk0MV0_WebP~jpg.webp,21007,https://www.loukko.com/sahkopyorat/moon-helix-lite-40100-lm-takavalo-ladattava,68696
137777,Moon Rigel Lite 500 lm Led-etuvalo,"29,35 €",https://www.loukko.com/assets/ProductCatalog/284/SilverShop_Page_Product-283436/moon-rigel__PadWzM4OCwzODgsIkZGRkZGRiIsMF0_WatermarkWzAsMCwzODgsMzg4LCJDZW50ZXIiLDI2Njk0MV0_WebP~png.webp,21007,https://www.loukko.com/sahkopyorat/moon-rigel-lite-500-lm-led-etuvalo,68691
137778,Moon Rigel Pro 1000 lm Led-etuvalo,"69,95 €",https://www.loukko.com/assets/ProductCatalog/284/SilverShop_Page_Product-283437/tuotesivu_PolkupyoranEtuvaloMoonRigelPro900lmLadattava_68692_769d3925e6e47f7d306c0499320f2a5a_3__PadWzM4OCwzODgsIkZGRkZGRiIsMF0_WatermarkWzAsMCwzODgsMzg4LCJDZW50ZXIiLDI2Njk0MV0_WebP~jpg.webp,21007,https://www.loukko.com/sahkopyorat/moon-rigel-pro-1000-lm-led-etuvalo,68692
137779,Yamaha Ajovaloyksikkö,"55,67 €",https://www.loukko.com/assets/ProductCatalog/148/SilverShop_Page_Product-147714/bacfb22c3196b92a59206a1a432e5046__PadWzM4OCwzODgsIkZGRkZGRiIsMF0_WatermarkWzAsMCwzODgsMzg4LCJDZW50ZXIiLDI2Njk0MV0_WebP~png.webp,21007,https://www.loukko.com/sahkopyorat/yamaha-ajovaloyksikko,X2U841030000
137780,Yamaha Takavaloyksikkö,"130,56 €",https://www.loukko.com/assets/ProductCatalog/148/SilverShop_Page_Product-147755/c6997f89f8c7e7d91a2870e53141a902__PadWzM4OCwzODgsIkZGRkZGRiIsMF0_WatermarkWzAsMCwzODgsMzg4LCJDZW50ZXIiLDI2Njk0MV0_WebP~png.webp,21007,https://www.loukko.com/sahkopyorat/yamaha-takavaloyksikko,X2U845100000
137781,GasGas G Trail Hydro 8 Reppu,"150,45 €",https://www.loukko.com/assets/ProductCatalog/150/SilverShop_Page_Product-149217/a82a1c348e7b6b183c6c18087a05fae1__PadWzM4OCwzODgsIkZGRkZGRiIsMF0_WatermarkWzAsMCwzODgsMzg4LCJDZW50ZXIiLDI2Njk0MV0_WebP~png.webp,21011,https://www.loukko.com/vaatteet-ja-ajovarusteet/gasgas-g-trail-hydro-8-reppu,3GB230017600
137782,Yamaha Adventure-reppu,"201,41 €",https://www.loukko.com/assets/ProductCatalog/148/SilverShop_Page_Product-147713/ee9dc07ed2d674f8dd48958de9de978f__PadWzM4OCwzODgsIkZGRkZGRiIsMF0_WatermarkWzAsMCwzODgsMzg4LCJDZW50ZXIiLDI2Njk0MV0_WebP~png.webp,21011,https://www.loukko.com/sahkopyorat/yamaha-adventure-reppu,YMEFPRRS0000
137783,Yamaha Etusisälaukku,"49,59 €",https://www.loukko.com/assets/ProductCatalog/148/SilverShop_Page_Product-147719/0853f92413a5de8c9defea3c2628f895__PadWzM4OCwzODgsIkZGRkZGRiIsMF0_WatermarkWzAsMCwzODgsMzg4LCJDZW50ZXIiLDI2Njk0MV0_WebP~png.webp,21011,https://www.loukko.com/sahkopyorat/yamaha-etusisalaukku,YMEFBSTF0000
137784,Yamaha Racing -juomareppu,"59,71 €",https://www.loukko.com/assets/ProductCatalog/148/SilverShop_Page_Product-147740/cc9869c62fc6b30f1891ea30c1573466__PadWzM4OCwzODgsIkZGRkZGRiIsMF0_WatermarkWzAsMCwzODgsMzg4LCJDZW50ZXIiLDI2Njk0MV0_WebP~png.webp,21011,https://www.loukko.com/sahkopyorat/yamaha-racing-juomareppu,T21JG003B400
137785,Yamaha Sivulaukkusarja,"227,72 €",https://www.loukko.com/assets/ProductCatalog/148/SilverShop_Page_Product-147748/69a115de3c92ff4329845e3c90c736db__PadWzM4OCwzODgsIkZGRkZGRiIsMF0_WatermarkWzAsMCwzODgsMzg4LCJDZW50ZXIiLDI2Njk0MV0_WebP~png.webp,21011,https://www.loukko.com/sahkopyorat/yamaha-sivulaukkusarja,YMEFSBST0000
137786,Yamaha Takakori,"90,08 €",https://www.loukko.com/assets/ProductCatalog/148/SilverShop_Page_Product-147753/f5397be76fe52334be69f59ef34c5193__PadWzM4OCwzODgsIkZGRkZGRiIsMF0_WatermarkWzAsMCwzODgsMzg4LCJDZW50ZXIiLDI2Njk0MV0_WebP~png.webp,21011,https://www.loukko.com/sahkopyorat/yamaha-takakori,X3WF84EA1000
137787,Yamaha Takasisälaukku,"45,54 €",https://www.loukko.com/assets/ProductCatalog/148/SilverShop_Page_Product-147754/94cd77e3b32d4ec0fa72458f2d530f70__PadWzM4OCwzODgsIkZGRkZGRiIsMF0_WatermarkWzAsMCwzODgsMzg4LCJDZW50ZXIiLDI2Njk0MV0_WebP~png.webp,21011,https://www.loukko.com/sahkopyorat/yamaha-takasisalaukku,YMEFBSTR0000
137788,"Yamaha Universal Case -puhelinkotelo M, harmaa","36,44 €",https://www.loukko.com/assets/ProductCatalog/148/SilverShop_Page_Product-147758/b9720bdfac6391a79e5066b23f517143__PadWzM4OCwzODgsIkZGRkZGRiIsMF0_WatermarkWzAsMCwzODgsMzg4LCJDZW50ZXIiLDI2Njk0MV0_WebP~png.webp,21011,https://www.loukko.com/sahkopyorat/yamaha-universal-case-puhelinkotelo-m-harmaa,YMEFUNVC0000
137789,"Yamaha Universal Case -puhelinkotelo, musta","36,44 €",https://www.loukko.com/assets/ProductCatalog/148/SilverShop_Page_Product-147758/b9720bdfac6391a79e5066b23f517143__PadWzM4OCwzODgsIkZGRkZGRiIsMF0_WatermarkWzAsMCwzODgsMzg4LCJDZW50ZXIiLDI2Njk0MV0_WebP~png.webp,21011,https://www.loukko.com/sahkopyorat/yamaha-universal-case-puhelinkotelo-musta,YMEFUNVC0002
137790,Trelock SK 415 lukko,"33,91 €",https://www.loukko.com/assets/ProductCatalog/284/SilverShop_Page_Product-283400/e0008329__PadWzM4OCwzODgsIkZGRkZGRiIsMF0_WatermarkWzAsMCwzODgsMzg4LCJDZW50ZXIiLDI2Njk0MV0_WebP~Jpg.webp,21016,https://www.loukko.com/sahkopyorat/trelock-sk-415-lukko,4016167070684
137791,CAVO 9/16 MTB/BMX POLJIN musta,"60,68 €",https://www.loukko.com/assets/ProductCatalog/284/SilverShop_Page_Product-283888/tuotesivu_Poljin916CavoFlaBMXthermoplasticmustateollisuuslaakeritvaihdettava_47-146_999f4952591355c9169fc733b94ce72d_1__PadWzM4OCwzODgsIkZGRkZGRiIsMF0_WatermarkWzAsMCwzODgsMzg4LCJDZW50ZXIiLDI2Njk0MV0_WebP~jpg.webp,21022,https://www.loukko.com/sahkopyorat/cavo-916-mtbbmx-poljin-musta,47-146
137792,Cavo 9/16 MTB/BMX poljin punainen,"60,68 €",https://www.loukko.com/assets/ProductCatalog/284/SilverShop_Page_Product-283887/tuotesivu_Polkimet916ProFlatBMXMTBPunainen_6438131052102_ed133b6a51c1a43fdb839a792a9fabe8_1__PadWzM4OCwzODgsIkZGRkZGRiIsMF0_WatermarkWzAsMCwzODgsMzg4LCJDZW50ZXIiLDI2Njk0MV0_WebP~jpg.webp,21022,https://www.loukko.com/sahkopyorat/cavo-916-mtbbmx-poljin-punainen,47-148
137793,Hybrid pedal Trail DualChoice poljin,"69,00 €",https://www.loukko.com/assets/ProductCatalog/284/SilverShop_Page_Product-283889/8716683127362__PadWzM4OCwzODgsIkZGRkZGRiIsMF0_WatermarkWzAsMCwzODgsMzg4LCJDZW50ZXIiLDI2Njk0MV0_WebP~png.webp,21022,https://www.loukko.com/sahkopyorat/hybrid-pedal-trail-dualchoice-poljin,8716683127362
137794,Yamaha Poljinsarja,"35,42 €",https://www.loukko.com/assets/ProductCatalog/148/SilverShop_Page_Product-147737/6ad68286d4f62cbfc3598c7bd1b3ddb9__PadWzM4OCwzODgsIkZGRkZGRiIsMF0_WatermarkWzAsMCwzODgsMzg4LCJDZW50ZXIiLDI2Njk0MV0_WebP~png.webp,21022,https://www.loukko.com/sahkopyorat/yamaha-poljinsarja-2,X1MF785A0000
137795,Yamaha Poljinsarja,"11,13 €",https://www.loukko.com/assets/ProductCatalog/148/SilverShop_Page_Product-147736/b44110ca11dd296a2cbd0eff33fda286__PadWzM4OCwzODgsIkZGRkZGRiIsMF0_WatermarkWzAsMCwzODgsMzg4LCJDZW50ZXIiLDI2Njk0MV0_WebP~png.webp,21022,https://www.loukko.com/sahkopyorat/yamaha-poljinsarja,X1VF785A0000
137796,Yamaha Vice-avopolkimet,"86,03 €",https://www.loukko.com/assets/ProductCatalog/148/SilverShop_Page_Product-147760/b240aac651a93f0d212ff8b81253345f__PadWzM4OCwzODgsIkZGRkZGRiIsMF0_WatermarkWzAsMCwzODgsMzg4LCJDZW50ZXIiLDI2Njk0MV0_WebP~png.webp,21022,https://www.loukko.com/sahkopyorat/yamaha-vice-avopolkimet,YMEFMTBP0000
137797,Yamaha VX Trail ‑poljin,"75,91 €",https://www.loukko.com/assets/ProductCatalog/148/SilverShop_Page_Product-147761/577a742bd2d7af3bdbfca63283aad160__PadWzM4OCwzODgsIkZGRkZGRiIsMF0_WatermarkWzAsMCwzODgsMzg4LCJDZW50ZXIiLDI2Njk0MV0_WebP~png.webp,21022,https://www.loukko.com/sahkopyorat/yamaha-vx-trail-poljin,YMEFSPDV0000
137798,Yamaha Korkeapaineinen haarukan/iskunvaimentimen pumppu,"59,71 €",https://www.loukko.com/assets/ProductCatalog/148/SilverShop_Page_Product-147724/a335dbc65a14e08a02eee8181a528d8d__PadWzM4OCwzODgsIkZGRkZGRiIsMF0_WatermarkWzAsMCwzODgsMzg4LCJDZW50ZXIiLDI2Njk0MV0_WebP~png.webp,21029,https://www.loukko.com/sahkopyorat/yamaha-korkeapaineinen-haarukaniskunvaimentimen-pumppu,YMEFSPDX0000
137799,Ballistol Bicycle chain cleaner ketjunpuhdistaja,"10,02 €",https://www.loukko.com/assets/ProductCatalog/284/SilverShop_Page_Product-283891/28800_Ketten-Reiniger-RGB_800x800__PadWzM4OCwzODgsIkZGRkZGRiIsMF0_WatermarkWzAsMCwzODgsMzg4LCJDZW50ZXIiLDI2Njk0MV0_WebP~jpg.webp,21046,https://www.loukko.com/sahkopyorat/bicycle-chain-cleaner-,4017777288001
137800,Ballistol Chain Oil ketjuöljy 200 ml,"16,09 €",https://www.loukko.com/assets/ProductCatalog/284/SilverShop_Page_Product-283892/ballistol-ceramic-chain-oil-bikecer-spray-200ml-1-lowres__PadWzM4OCwzODgsIkZGRkZGRiIsMF0_WatermarkWzAsMCwzODgsMzg4LCJDZW50ZXIiLDI2Njk0MV0_WebP~jpg.webp,21046,https://www.loukko.com/sahkopyorat/ballistol-chain-oil-ketjuoljy-200-ml,4017777280593
137801,"Yamaha 40 mm:n MTB-ohjainkannatin, 31,8 mm","55,67 €",https://www.loukko.com/assets/ProductCatalog/148/SilverShop_Page_Product-147712/217745fe63be8ffd1a81cbe2fa6245be__PadWzM4OCwzODgsIkZGRkZGRiIsMF0_WatermarkWzAsMCwzODgsMzg4LCJDZW50ZXIiLDI2Njk0MV0_WebP~png.webp,21046,https://www.loukko.com/sahkopyorat/yamaha-40-mmn-mtb-ohjainkannatin-318-mm,X1VF61260000
137802,Yamaha Ajovarusteteline,"120,44 €",https://www.loukko.com/assets/ProductCatalog/148/SilverShop_Page_Product-147715/676f8690a40657d90799ce12df37e5c3__PadWzM4OCwzODgsIkZGRkZGRiIsMF0_WatermarkWzAsMCwzODgsMzg4LCJDZW50ZXIiLDI2Njk0MV0_WebP~png.webp,21046,https://www.loukko.com/sahkopyorat/yamaha-ajovarusteteline,YMEFGRRK00_
137803,Yamaha Akkulaturi (EU),"251,00 €",https://www.loukko.com/assets/ProductCatalog/148/SilverShop_Page_Product-147716/72fb1d48ba1c4838403ea61d16bdc6b1__PadWzM4OCwzODgsIkZGRkZGRiIsMF0_WatermarkWzAsMCwzODgsMzg4LCJDZW50ZXIiLDI2Njk0MV0_WebP~png.webp,21046,https://www.loukko.com/sahkopyorat/yamaha-akkulaturi-eu,X1R821071000
137804,Yamaha Akselin pultti,"35,42 €",https://www.loukko.com/assets/ProductCatalog/148/SilverShop_Page_Product-147717/37714b2d0f666ff9a5259b019da9751e__PadWzM4OCwzODgsIkZGRkZGRiIsMF0_WatermarkWzAsMCwzODgsMzg4LCJDZW50ZXIiLDI2Njk0MV0_WebP~png.webp,21046,https://www.loukko.com/sahkopyorat/yamaha-akselin-pultti,X1MF513B0000
137805,Yamaha Kahvasarja,"24,80 €",https://www.loukko.com/assets/ProductCatalog/148/SilverShop_Page_Product-147721/0ad62d2e3ccb6563894508f69aa64cba__PadWzM4OCwzODgsIkZGRkZGRiIsMF0_WatermarkWzAsMCwzODgsMzg4LCJDZW50ZXIiLDI2Njk0MV0_WebP~png.webp,21046,https://www.loukko.com/sahkopyorat/yamaha-kahvasarja,X2UF62010000
137806,Yamaha Kahvasarja,"35,42 €",https://www.loukko.com/assets/ProductCatalog/148/SilverShop_Page_Product-147722/535e653304fbb7e757f5a0ef7a07e6eb__PadWzM4OCwzODgsIkZGRkZGRiIsMF0_WatermarkWzAsMCwzODgsMzg4LCJDZW50ZXIiLDI2Njk0MV0_WebP~png.webp,21046,https://www.loukko.com/sahkopyorat/yamaha-kahvasarja-2,X0NF62011000
137807,Yamaha Keskiseisontatuen pultti,"3,74 €",https://www.loukko.com/assets/ProductCatalog/148/SilverShop_Page_Product-147723/8dead09dd1d7ff1dd109f864959d1171__PadWzM4OCwzODgsIkZGRkZGRiIsMF0_WatermarkWzAsMCwzODgsMzg4LCJDZW50ZXIiLDI2Njk0MV0_WebP~png.webp,21046,https://www.loukko.com/sahkopyorat/yamaha-keskiseisontatuen-pultti,X1MF71170000
137808,Yamaha Levy,"4,45 €",https://www.loukko.com/assets/ProductCatalog/148/SilverShop_Page_Product-147725/1003c67989608f145dedde6b1e3de04d__PadWzM4OCwzODgsIkZGRkZGRiIsMF0_WatermarkWzAsMCwzODgsMzg4LCJDZW50ZXIiLDI2Njk0MV0_WebP~png.webp,21046,https://www.loukko.com/sahkopyorat/yamaha-levy,X1MF72750000
137809,"Yamaha Maantie-/soratieohjainkannatin, 100 mm +/- 7°, 31,8 mm","69,83 €",https://www.loukko.com/assets/ProductCatalog/148/SilverShop_Page_Product-147727/08651a815927d3e354b41bd5f91e8973__PadWzM4OCwzODgsIkZGRkZGRiIsMF0_WatermarkWzAsMCwzODgsMzg4LCJDZW50ZXIiLDI2Njk0MV0_WebP~png.webp,21046,https://www.loukko.com/sahkopyorat/yamaha-maantie-soratieohjainkannatin-100-mm-and-7-318-mm,X2UF61260000
137810,"Yamaha Maantie-/soratieohjainkannatin, 90 mm +/-7°, 31,8 mm","35,42 €",https://www.loukko.com/assets/ProductCatalog/148/SilverShop_Page_Product-147728/d3eff7554b9b39b9ade1e0dcb6ccb2df__PadWzM4OCwzODgsIkZGRkZGRiIsMF0_WatermarkWzAsMCwzODgsMzg4LCJDZW50ZXIiLDI2Njk0MV0_WebP~png.webp,21046,https://www.loukko.com/sahkopyorat/yamaha-maantie-soratieohjainkannatin-90-mm-and-7-318-mm,X0NF61263000
137811,Yamaha Moottorin suojus,"29,35 €",https://www.loukko.com/assets/ProductCatalog/148/SilverShop_Page_Product-147729/894753a463cda559294d41817cf3fc93__PadWzM4OCwzODgsIkZGRkZGRiIsMF0_WatermarkWzAsMCwzODgsMzg4LCJDZW50ZXIiLDI2Njk0MV0_WebP~png.webp,21046,https://www.loukko.com/sahkopyorat/yamaha-moottorin-suojus,X2Y154900000
137812,"Yamaha Ohjainlaakerin komposiittivälike, 10 mm","3,04 €",https://www.loukko.com/assets/ProductCatalog/148/SilverShop_Page_Product-147730/a14feba0987b0a07c94fe58f3dc3bc94__PadWzM4OCwzODgsIkZGRkZGRiIsMF0_WatermarkWzAsMCwzODgsMzg4LCJDZW50ZXIiLDI2Njk0MV0_WebP~png.webp,21046,https://www.loukko.com/sahkopyorat/yamaha-ohjainlaakerin-komposiittivalike-10-mm,X0NF33630000
137813,"Yamaha Ohjainlaakerin komposiittivälike, 5 mm","3,04 €",https://www.loukko.com/assets/ProductCatalog/148/SilverShop_Page_Product-147731/e13c266146d55d020a8ff96b816d3de9__PadWzM4OCwzODgsIkZGRkZGRiIsMF0_WatermarkWzAsMCwzODgsMzg4LCJDZW50ZXIiLDI2Njk0MV0_WebP~png.webp,21046,https://www.loukko.com/sahkopyorat/yamaha-ohjainlaakerin-komposiittivalike-5-mm,X0NF33640000
137814,Yamaha Ohjainlaakerin korkki ja kiristyskäpy 1-1/8 tuumaa,"6,58 €",https://www.loukko.com/assets/ProductCatalog/148/SilverShop_Page_Product-147732/90e8a6d23566bda44a5fe9312d5d8a41__PadWzM4OCwzODgsIkZGRkZGRiIsMF0_WatermarkWzAsMCwzODgsMzg4LCJDZW50ZXIiLDI2Njk0MV0_WebP~png.webp,21046,https://www.loukko.com/sahkopyorat/yamaha-ohjainlaakerin-korkki-ja-kiristyskapy-1-18-tuumaa,X0NF287K1000
137815,Yamaha Ohjaustangon asennusvarsi,"69,83 €",https://www.loukko.com/assets/ProductCatalog/148/SilverShop_Page_Product-147727/08651a815927d3e354b41bd5f91e8973__PadWzM4OCwzODgsIkZGRkZGRiIsMF0_WatermarkWzAsMCwzODgsMzg4LCJDZW50ZXIiLDI2Njk0MV0_WebP~png.webp,21046,https://www.loukko.com/sahkopyorat/yamaha-ohjaustangon-asennusvarsi,X2UF61261000
137816,Yamaha Ohjaustangon suojatulppa,"3,54 €",https://www.loukko.com/assets/ProductCatalog/148/SilverShop_Page_Product-147734/6e21fc2ab5c5d1c6da9862e4f5615401__PadWzM4OCwzODgsIkZGRkZGRiIsMF0_WatermarkWzAsMCwzODgsMzg4LCJDZW50ZXIiLDI2Njk0MV0_WebP~png.webp,21046,https://www.loukko.com/sahkopyorat/yamaha-ohjaustangon-suojatulppa,X2UF62160000
137817,Yamaha Ohjaustangon teippi,"19,74 €",https://www.loukko.com/assets/ProductCatalog/148/SilverShop_Page_Product-147735/ce12c8ac293bf8be63ad25759dec5165__PadWzM4OCwzODgsIkZGRkZGRiIsMF0_WatermarkWzAsMCwzODgsMzg4LCJDZW50ZXIiLDI2Njk0MV0_WebP~png.webp,21046,https://www.loukko.com/sahkopyorat/yamaha-ohjaustangon-teippi,X2VF61170000
137818,Yamaha PRO MTB -tankokiinnitys,"59,71 €",https://www.loukko.com/assets/ProductCatalog/148/SilverShop_Page_Product-147738/282ac95c26c0e37a972cc883e3bcba08__PadWzM4OCwzODgsIkZGRkZGRiIsMF0_WatermarkWzAsMCwzODgsMzg4LCJDZW50ZXIiLDI2Njk0MV0_WebP~png.webp,21046,https://www.loukko.com/sahkopyorat/yamaha-pro-mtb-tankokiinnitys,YMEFMBIT0000
137819,Yamaha Racing -matto,"130,56 €",https://www.loukko.com/assets/ProductCatalog/148/SilverShop_Page_Product-147741/16158381fab63d69409dad47b14de8a7__PadWzM4OCwzODgsIkZGRkZGRiIsMF0_WatermarkWzAsMCwzODgsMzg4LCJDZW50ZXIiLDI2Njk0MV0_WebP~png.webp,21046,https://www.loukko.com/sahkopyorat/yamaha-racing-matto,YMEENVIRHQ_
137820,Yamaha Satulan kiinnityspultti,"11,13 €",https://www.loukko.com/assets/ProductCatalog/148/SilverShop_Page_Product-147746/b943d94001e10c06e04574f294d42f3e__PadWzM4OCwzODgsIkZGRkZGRiIsMF0_WatermarkWzAsMCwzODgsMzg4LCJDZW50ZXIiLDI2Njk0MV0_WebP~png.webp,21046,https://www.loukko.com/sahkopyorat/yamaha-satulan-kiinnityspultti,X1VF47170000
137821,Yamaha Satulaputki,"35,42 €",https://www.loukko.com/assets/ProductCatalog/148/SilverShop_Page_Product-147747/b9c27ccb51ec406f191a17a3c4a7cee3__PadWzM4OCwzODgsIkZGRkZGRiIsMF0_WatermarkWzAsMCwzODgsMzg4LCJDZW50ZXIiLDI2Njk0MV0_WebP~png.webp,21046,https://www.loukko.com/sahkopyorat/yamaha-satulaputki,X0NF49215100
137822,Yamaha Soittokello,"8,60 €",https://www.loukko.com/assets/ProductCatalog/148/SilverShop_Page_Product-147750/c9b879689228056c1daa0bb714021f12__PadWzM4OCwzODgsIkZGRkZGRiIsMF0_WatermarkWzAsMCwzODgsMzg4LCJDZW50ZXIiLDI2Njk0MV0_WebP~png.webp,21046,https://www.loukko.com/sahkopyorat/yamaha-soittokello,X0NH33822000
137823,Yamaha Suojus,"19,74 €",https://www.loukko.com/assets/ProductCatalog/148/SilverShop_Page_Product-147751/e0efd905576fa1bac69870096e402ef0__PadWzM4OCwzODgsIkZGRkZGRiIsMF0_WatermarkWzAsMCwzODgsMzg4LCJDZW50ZXIiLDI2Njk0MV0_WebP~png.webp,21046,https://www.loukko.com/sahkopyorat/yamaha-suojus,X0P154901000
137824,Yamaha Taka-akselin pultti,"35,42 €",https://www.loukko.com/assets/ProductCatalog/148/SilverShop_Page_Product-147752/9d6da15255c0c5af0c067edba813b7b4__PadWzM4OCwzODgsIkZGRkZGRiIsMF0_WatermarkWzAsMCwzODgsMzg4LCJDZW50ZXIiLDI2Njk0MV0_WebP~png.webp,21046,https://www.loukko.com/sahkopyorat/yamaha-taka-akselin-pultti,X1VF533B0000
137825,Yamaha Tankokiinnitys,"79,96 €",https://www.loukko.com/assets/ProductCatalog/148/SilverShop_Page_Product-147756/92aada3340143f4530023206c6bd8cb6__PadWzM4OCwzODgsIkZGRkZGRiIsMF0_WatermarkWzAsMCwzODgsMzg4LCJDZW50ZXIiLDI2Njk0MV0_WebP~png.webp,21046,https://www.loukko.com/sahkopyorat/yamaha-tankokiinnitys,YMEFMKIT0002
137826,Yamaha Tavarateline,"75,91 €",https://www.loukko.com/assets/ProductCatalog/148/SilverShop_Page_Product-147757/6f75833ada96650c27bf3fb66171552f__PadWzM4OCwzODgsIkZGRkZGRiIsMF0_WatermarkWzAsMCwzODgsMzg4LCJDZW50ZXIiLDI2Njk0MV0_WebP~png.webp,21046,https://www.loukko.com/sahkopyorat/yamaha-tavarateline,YMEFCARR0000
137827,Yamaha Satula,"54,65 €",https://www.loukko.com/assets/ProductCatalog/148/SilverShop_Page_Product-147742/bde3c812bf878956821e1f33a1ff8ec6__PadWzM4OCwzODgsIkZGRkZGRiIsMF0_WatermarkWzAsMCwzODgsMzg4LCJDZW50ZXIiLDI2Njk0MV0_WebP~png.webp,21056,https://www.loukko.com/sahkopyorat/yamaha-satula,X2UF49100000
137828,Yamaha Satula,"50,10 €",https://www.loukko.com/assets/ProductCatalog/148/SilverShop_Page_Product-147743/b99f09388485db36c9e3825757d01266__PadWzM4OCwzODgsIkZGRkZGRiIsMF0_WatermarkWzAsMCwzODgsMzg4LCJDZW50ZXIiLDI2Njk0MV0_WebP~png.webp,21056,https://www.loukko.com/sahkopyorat/yamaha-satula-2,X1VF49100000
137829,Yamaha Satula,"49,59 €",https://www.loukko.com/assets/ProductCatalog/148/SilverShop_Page_Product-147744/e2bfa24e976c2d2b8a414de3a79fbeff__PadWzM4OCwzODgsIkZGRkZGRiIsMF0_WatermarkWzAsMCwzODgsMzg4LCJDZW50ZXIiLDI2Njk0MV0_WebP~png.webp,21056,https://www.loukko.com/sahkopyorat/yamaha-satula-3,X0NF49107000
137830,Yamaha Satulakokokonaisuus,"43,01 €",https://www.loukko.com/assets/ProductCatalog/148/SilverShop_Page_Product-147745/2e169137b691c9bce018ef76c876c6e8__PadWzM4OCwzODgsIkZGRkZGRiIsMF0_WatermarkWzAsMCwzODgsMzg4LCJDZW50ZXIiLDI2Njk0MV0_WebP~png.webp,21056,https://www.loukko.com/sahkopyorat/yamaha-satulakokokonaisuus,X0NF49105000
137831,Yamaha Satulan kiinnityspultti,"11,13 €",https://www.loukko.com/assets/ProductCatalog/148/SilverShop_Page_Product-147746/b943d94001e10c06e04574f294d42f3e__PadWzM4OCwzODgsIkZGRkZGRiIsMF0_WatermarkWzAsMCwzODgsMzg4LCJDZW50ZXIiLDI2Njk0MV0_WebP~png.webp,21056,https://www.loukko.com/sahkopyorat/yamaha-satulan-kiinnityspultti,X1VF47170000
137832,Yamaha Satulaputki,"35,42 €",https://www.loukko.com/assets/ProductCatalog/148/SilverShop_Page_Product-147747/b9c27ccb51ec406f191a17a3c4a7cee3__PadWzM4OCwzODgsIkZGRkZGRiIsMF0_WatermarkWzAsMCwzODgsMzg4LCJDZW50ZXIiLDI2Njk0MV0_WebP~png.webp,21056,https://www.loukko.com/sahkopyorat/yamaha-satulaputki,X0NF49215100
137833,"Blackice 27,5"", 65-584, 2.6"" nastarengas","141,69 €",https://www.loukko.com/assets/ProductCatalog/284/SilverShop_Page_Product-283893/bi65622400k-1__PadWzM4OCwzODgsIkZGRkZGRiIsMF0_WatermarkWzAsMCwzODgsMzg4LCJDZW50ZXIiLDI2Njk0MV0_WebP~jpg.webp,21079,https://www.loukko.com/sahkopyorat/blackice-275-65-584-2-6-nastarengas,BI65584400K
137834,SKS Etulokasuoja,"46,05 €",https://www.loukko.com/assets/ProductCatalog/289/SilverShop_Page_Product-288907/Nayttokuva-2024-08-15-161851__PadWzM4OCwzODgsIkZGRkZGRiIsMF0_WatermarkWzAsMCwzODgsMzg4LCJDZW50ZXIiLDI2Njk0MV0.webp,21079,https://www.loukko.com/sahkopyorat/sks-etulokasuoja,11669
137835,GASGAS TRA SE 2024 / M koko / Liikkeen koeajopyörä,"3490,00 €",https://www.loukko.com/assets/ProductCatalog/290/SilverShop_Page_Product-289133/IMG_20240826_103806__PadWzM4OCwzODgsIkZGRkZGRiIsMF0_WatermarkWzAsMCwzODgsMzg4LCJDZW50ZXIiLDI2Njk0MV0.webp,21138,https://www.loukko.com/sahkopyorat/gasgas-tra-se-2024-uutusmalli-heti-toimitukseen-2,3102321144
137836,GAS GAS ECC5 Sähköpyörä / M/L koko / Liikkeen koeajopyörä,"7990,00 €",https://www.loukko.com/assets/ProductCatalog/290/SilverShop_Page_Product-289134/IMG_20240826_104919__PadWzM4OCwzODgsIkZGRkZGRiIsMF0_WatermarkWzAsMCwzODgsMzg4LCJDZW50ZXIiLDI2Njk0MV0.webp,21138,https://www.loukko.com/sahkopyorat/gas-gas-ecc5-sahkopyora-2,3102402244
137837,GASGAS ENDURO 2.0 M-koko 1016km Liikkeen esittelypyörä,"3950,00 €",https://www.loukko.com/assets/ProductCatalog/296/SilverShop_Page_Product-295220/WhatsApp-Image-2025-04-10-at-13_33_28__PadWzM4OCwzODgsIkZGRkZGRiIsMF0_WatermarkWzAsMCwzODgsMzg4LCJDZW50ZXIiLDI2Njk0MV0.webp,21138,https://www.loukko.com/sahkopyorat/gasgas-enduro-2-0-m-koko-1016km-liikkeen-esittelypyora,4700002244
137838,Haibike Trekking Sduro 4.0 2019 Sähköpyörä,"1490,00 €",https://www.loukko.com/assets/ProductCatalog/295/SilverShop_Page_Product-294202/07d3d708-8eb7-42e3-be00-015c7459c405__PadWzM4OCwzODgsIkZGRkZGRiIsMF0_WatermarkWzAsMCwzODgsMzg4LCJDZW50ZXIiLDI2Njk0MV0.webp,21138,https://www.loukko.com/sahkopyorat/yamaha-haibike-trekking-sduro-4-0-2019-sahkopyora,A1-702999-8
137839,Yamaha MORO 07 / S koko / 0% korko / 135e kk erä / Heti toimitukseen,"4649,00 €",https://www.loukko.com/assets/ProductCatalog/274/SilverShop_Page_Product-273490/c0864791f2ec3000-large__PadWzM4OCwzODgsIkZGRkZGRiIsMF0_WatermarkWzAsMCwzODgsMzg4LCJDZW50ZXIiLDI2Njk0MV0_WebP~jpg.webp,21138,https://www.loukko.com/sahkopyorat/yamaha-yamaha-moro-07-0-korko-135e-kk-era-heti-toimitukseen,
137840,Alpinestars A-Supra pyöräilyhanskat,"50,55 €",https://www.loukko.com/assets/ProductCatalog/284/SilverShop_Page_Product-283454/alpinestars-a-supra-shield-gloves-black-1-1636184__PadWzM4OCwzODgsIkZGRkZGRiIsMF0_WatermarkWzAsMCwzODgsMzg4LCJDZW50ZXIiLDI2Njk0MV0_WebP~jpg.webp,21139,https://www.loukko.com/sahkopyorat/alpinestars-a-supra-pyorailyhanskat,1567424-10-
137841,Alpinestars Gore-tex Infinium Windstopper hanskat,"57,64 €",https://www.loukko.com/assets/ProductCatalog/284/SilverShop_Page_Product-283455/gore-tex__PadWzM4OCwzODgsIkZGRkZGRiIsMF0_WatermarkWzAsMCwzODgsMzg4LCJDZW50ZXIiLDI2Njk0MV0_WebP~png.webp,21139,https://www.loukko.com/sahkopyorat/alpinestars-gore-tex-infinium-windstopper-hanskat,1520318-1190-
137842,Alpinestars Paraagon Lite LS suojaliivi,"192,25 €",https://www.loukko.com/assets/ProductCatalog/284/SilverShop_Page_Product-283460/Paragon-lite-suojaliivi__PadWzM4OCwzODgsIkZGRkZGRiIsMF0_WatermarkWzAsMCwzODgsMzg4LCJDZW50ZXIiLDI2Njk0MV0_WebP~png.webp,21139,https://www.loukko.com/sahkopyorat/alpinestars-paraagon-lite-ls-suojaliivi,1656920-10-
137843,Alpinestars Paragon Lite shortsit,"101,16 €",https://www.loukko.com/assets/ProductCatalog/284/SilverShop_Page_Product-283456/paragon-lite__PadWzM4OCwzODgsIkZGRkZGRiIsMF0_WatermarkWzAsMCwzODgsMzg4LCJDZW50ZXIiLDI2Njk0MV0_WebP~png.webp,21139,https://www.loukko.com/sahkopyorat/alpinestars-paragon-lite-shortsit,1657220-10-
137844,Alpinestars Vector polvisuojat,"80,92 €",https://www.loukko.com/assets/ProductCatalog/284/SilverShop_Page_Product-283457/vector-knee__PadWzM4OCwzODgsIkZGRkZGRiIsMF0_WatermarkWzAsMCwzODgsMzg4LCJDZW50ZXIiLDI2Njk0MV0_WebP~png.webp,21139,https://www.loukko.com/sahkopyorat/alpinestars-vector-polvisuojat,1650621-1036-
137845,Alpinestars Vector Tech Zeal pyöräilykypärä,"172,01 €",https://www.loukko.com/assets/ProductCatalog/284/SilverShop_Page_Product-283652/alpinestars-vector-tech-zeal-maastopyorailykypara__PadWzM4OCwzODgsIkZGRkZGRiIsMF0_WatermarkWzAsMCwzODgsMzg4LCJDZW50ZXIiLDI2Njk0MV0_WebP~jpg.webp,21139,https://www.loukko.com/sahkopyorat/alpinestars-vector-tech-zeal-pyorailykypara,8701924-1298-
137846,Gas Gas  Fast paita,"33,40 €",https://www.loukko.com/assets/ProductCatalog/283/SilverShop_Page_Product-282112/3gg23001250a__PadWzM4OCwzODgsIkZGRkZGRiIsMF0_WatermarkWzAsMCwzODgsMzg4LCJDZW50ZXIiLDI2Njk0MV0_WebP~png.webp,21139,https://www.loukko.com/sahkopyorat/gas-gas-fast-paita,3GG2300125
137847,GAS GAS ENDURO 2IN1 shortsit,"123,48 €",https://www.loukko.com/assets/ProductCatalog/150/SilverShop_Page_Product-149226/bb4be40a12c0ce211930e29a5c673b25__PadWzM4OCwzODgsIkZGRkZGRiIsMF0_WatermarkWzAsMCwzODgsMzg4LCJDZW50ZXIiLDI2Njk0MV0_WebP~png.webp,21139,https://www.loukko.com/vaatteet-ja-ajovarusteet/gas-gas-enduro-2in1-shorts,3GB2200368
137848,Gas Gas Fast Air paita,"37,01 €",https://www.loukko.com/assets/ProductCatalog/283/SilverShop_Page_Product-282380/pho_gg_pw_pers_vs_66456_3gg24001940x_fast_air_jersey_front_sall_awsg_v1__PadWzM4OCwzODgsIkZGRkZGRiIsMF0_WatermarkWzAsMCwzODgsMzg4LCJDZW50ZXIiLDI2Njk0MV0_WebP~jpg.webp,21139,https://www.loukko.com/sahkopyorat/gas-gas-fast-air-paita,3GG2400194
137849,GAS GAS TRAIL SADETAKKI,"74,06 €",https://www.loukko.com/assets/ProductCatalog/150/SilverShop_Page_Product-149242/630025e9dc5a91134d9dc6e16064922b__PadWzM4OCwzODgsIkZGRkZGRiIsMF0_WatermarkWzAsMCwzODgsMzg4LCJDZW50ZXIiLDI2Njk0MV0_WebP~png.webp,21139,https://www.loukko.com/sahkopyorat/gas-gas-trail-sadetakki,3GB2200362
137850,GasGas Defender Liivi,"102,85 €",https://www.loukko.com/assets/ProductCatalog/145/SilverShop_Page_Product-144141/8580c477e8fadda1960997469d47664a__PadWzM4OCwzODgsIkZGRkZGRiIsMF0_WatermarkWzAsMCwzODgsMzg4LCJDZW50ZXIiLDI2Njk0MV0_WebP~jpg.webp,21139,https://www.loukko.com/sahkopyorat/gs-defender-vest,3GG2100431
137851,GasGas G Enduro Airflex Pro Kyynärsuojat,"100,28 €",https://www.loukko.com/assets/ProductCatalog/150/SilverShop_Page_Product-149222/85cd919822e60583bade7e4d2b2bfc74__PadWzM4OCwzODgsIkZGRkZGRiIsMF0_WatermarkWzAsMCwzODgsMzg4LCJDZW50ZXIiLDI2Njk0MV0_WebP~png.webp,21139,https://www.loukko.com/sahkopyorat/gasgas-g-enduro-airflex-pro-kyynarsuojat,3GB2300147
137852,GASGAS G ENDURO AIRFLEX PRO Polvisuojat,"110,31 €",https://www.loukko.com/assets/ProductCatalog/150/SilverShop_Page_Product-149223/f5c50fe635b83bf81d02dd0fdbe28d95__PadWzM4OCwzODgsIkZGRkZGRiIsMF0_WatermarkWzAsMCwzODgsMzg4LCJDZW50ZXIiLDI2Njk0MV0_WebP~png.webp,21139,https://www.loukko.com/sahkopyorat/gasgas-g-enduro-airflex-pro-polvisuojat,3GB2300148
137853,GasGas G Enduro Altec Kypärä,"170,52 €",https://www.loukko.com/assets/ProductCatalog/150/SilverShop_Page_Product-149233/b5273fda849b96510dcc5404409083ca__PadWzM4OCwzODgsIkZGRkZGRiIsMF0_WatermarkWzAsMCwzODgsMzg4LCJDZW50ZXIiLDI2Njk0MV0_WebP~png.webp,21139,https://www.loukko.com/sahkopyorat/gasgas-g-enduro-altec-kypara-musta,3GB2200370
137854,GasGas G Enduro Housut,"72,21 €",https://www.loukko.com/assets/ProductCatalog/150/SilverShop_Page_Product-149228/8922dd371f5621263c8c321a45ce287d__PadWzM4OCwzODgsIkZGRkZGRiIsMF0_WatermarkWzAsMCwzODgsMzg4LCJDZW50ZXIiLDI2Njk0MV0_WebP~png.webp,21139,https://www.loukko.com/sahkopyorat/gasgas-g-enduro-pants-mustapunainensininen,3GB2300146
137855,GasGas G Enduro Housut,"72,21 €",https://www.loukko.com/assets/ProductCatalog/150/SilverShop_Page_Product-149227/af11fd9bd474309951a330ab3b4e6720__PadWzM4OCwzODgsIkZGRkZGRiIsMF0_WatermarkWzAsMCwzODgsMzg4LCJDZW50ZXIiLDI2Njk0MV0_WebP~jpg.webp,21139,https://www.loukko.com/sahkopyorat/gasgas-g-enduro-pants-mustapunainen,3GB2200369
137856,GasGas G Enduro LF Hanskat,"32,06 €",https://www.loukko.com/assets/ProductCatalog/150/SilverShop_Page_Product-149225/b18270c8f8242126345a8d06af2a23ff__PadWzM4OCwzODgsIkZGRkZGRiIsMF0_WatermarkWzAsMCwzODgsMzg4LCJDZW50ZXIiLDI2Njk0MV0_WebP~jpg.webp,21139,https://www.loukko.com/sahkopyorat/gasgas-g-enduro-lf-hanskat,3GB2200371
137857,GasGas G Enduro paita,"40,10 €",https://www.loukko.com/assets/ProductCatalog/150/SilverShop_Page_Product-149245/d5d4524f6c1a38084c0b459d69ee2abb__PadWzM4OCwzODgsIkZGRkZGRiIsMF0_WatermarkWzAsMCwzODgsMzg4LCJDZW50ZXIiLDI2Njk0MV0_WebP~jpg.webp,21139,https://www.loukko.com/sahkopyorat/gasgas-g-enduro-longsleeve-jersey-mustapunainen-2,3GB2200367
137858,GasGas G Enduro T-paita,"36,09 €",https://www.loukko.com/assets/ProductCatalog/150/SilverShop_Page_Product-149246/fdd39db49bf415f23d643a7578698e0a__PadWzM4OCwzODgsIkZGRkZGRiIsMF0_WatermarkWzAsMCwzODgsMzg4LCJDZW50ZXIiLDI2Njk0MV0_WebP~jpg.webp,21139,https://www.loukko.com/sahkopyorat/gasgas-g-enduro-shortsleeve-jersey-mustapunainen,3GB2200358
137859,GasGas G Trail 2IN1 Shortsit naisten,"60,17 €",https://www.loukko.com/assets/ProductCatalog/150/SilverShop_Page_Product-149230/f97aec6482a1fa2ec51085f21d389593__PadWzM4OCwzODgsIkZGRkZGRiIsMF0_WatermarkWzAsMCwzODgsMzg4LCJDZW50ZXIiLDI2Njk0MV0_WebP~jpg.webp,21139,https://www.loukko.com/sahkopyorat/gas-gas-women-g-trail-2in1-shortsit,3GB2300141
137860,GasGas G TRAIL JERSEY paita,"27,05 €",https://www.loukko.com/assets/ProductCatalog/150/SilverShop_Page_Product-149249/77b52483654607bc7d13e40ca5879821__PadWzM4OCwzODgsIkZGRkZGRiIsMF0_WatermarkWzAsMCwzODgsMzg4LCJDZW50ZXIiLDI2Njk0MV0_WebP~jpg.webp,21139,https://www.loukko.com/sahkopyorat/gas-gas-g-trail-jersey-punainen,3GB2300139_
137861,GasGas G Trail Kypärä,"90,24 €",https://www.loukko.com/assets/ProductCatalog/150/SilverShop_Page_Product-149234/b2ada45f598205bb0103ef143740eed7__PadWzM4OCwzODgsIkZGRkZGRiIsMF0_WatermarkWzAsMCwzODgsMzg4LCJDZW50ZXIiLDI2Njk0MV0_WebP~png.webp,21139,https://www.loukko.com/sahkopyorat/gas-gas-g-trail-kypara,3GB2300339
137862,GasGas G Trail Shortsit,"42,11 €",https://www.loukko.com/assets/ProductCatalog/150/SilverShop_Page_Product-149229/cef7b8239b5d69848a6482cdf0fb6ef0__PadWzM4OCwzODgsIkZGRkZGRiIsMF0_WatermarkWzAsMCwzODgsMzg4LCJDZW50ZXIiLDI2Njk0MV0_WebP~jpg.webp,21139,https://www.loukko.com/sahkopyorat/gas-gas-g-trail-shortsit,3GB2200356
137863,GasGas G Trail Sukat,"10,00 €",https://www.loukko.com/assets/ProductCatalog/150/SilverShop_Page_Product-149218/e242095941680c25999c6b1d84e38b88__PadWzM4OCwzODgsIkZGRkZGRiIsMF0_WatermarkWzAsMCwzODgsMzg4LCJDZW50ZXIiLDI2Njk0MV0_WebP~jpg.webp,21139,https://www.loukko.com/sahkopyorat/gasgas-g-trail-sukat-musta,3GB22003650X
137864,GasGas G Trail Sukat,"10,00 €",https://www.loukko.com/assets/ProductCatalog/150/SilverShop_Page_Product-149219/860071b57ccbee68be443c913016c278__PadWzM4OCwzODgsIkZGRkZGRiIsMF0_WatermarkWzAsMCwzODgsMzg4LCJDZW50ZXIiLDI2Njk0MV0.webp,21139,https://www.loukko.com/sahkopyorat/gasgas-g-trail-sukat-punainen,3GB2200366
137865,GasGas G Trail T-paita naisten,"55,13 €",https://www.loukko.com/assets/ProductCatalog/150/SilverShop_Page_Product-149252/9985de70cffa5f02181542878c16c308__PadWzM4OCwzODgsIkZGRkZGRiIsMF0_WatermarkWzAsMCwzODgsMzg4LCJDZW50ZXIiLDI2Njk0MV0.webp,21139,https://www.loukko.com/sahkopyorat/gas-gas-women-g-trail-t-paita,3GB2300140
137866,GasGas G Trail Tuulitakki,"49,00 €",https://www.loukko.com/assets/ProductCatalog/150/SilverShop_Page_Product-149239/f07d10640d34b07c657b60217e574e41__PadWzM4OCwzODgsIkZGRkZGRiIsMF0_WatermarkWzAsMCwzODgsMzg4LCJDZW50ZXIiLDI2Njk0MV0_WebP~png.webp,21139,https://www.loukko.com/sahkopyorat/gas-gas-g-trail-tuulitakki,3GB2300189
137867,GasGas Gravity EDrive Kypärä,"102,80 €",https://www.loukko.com/assets/ProductCatalog/284/SilverShop_Page_Product-283341/3GG230034603-P__PadWzM4OCwzODgsIkZGRkZGRiIsMF0_WatermarkWzAsMCwzODgsMzg4LCJDZW50ZXIiLDI2Njk0MV0_WebP~jpg.webp,21139,https://www.loukko.com/vaatteet-ja-ajovarusteet/gasgas-kids-gravity-edrive-helmet,3GG2300346
137868,GasGas Kyynärsuojat,"30,81 €",https://www.loukko.com/assets/ProductCatalog/145/SilverShop_Page_Product-144142/44b8f4fe7b4dc63a488624a272950eba__PadWzM4OCwzODgsIkZGRkZGRiIsMF0_WatermarkWzAsMCwzODgsMzg4LCJDZW50ZXIiLDI2Njk0MV0_WebP~jpg.webp,21139,https://www.loukko.com/sahkopyorat/gs-elbow-protector,3GG2100432
137869,GasGas Pro paita,"30,84 €",https://www.loukko.com/assets/ProductCatalog/145/SilverShop_Page_Product-144164/19432df862d243c61752661820f7eb55__PadWzM4OCwzODgsIkZGRkZGRiIsMF0_WatermarkWzAsMCwzODgsMzg4LCJDZW50ZXIiLDI2Njk0MV0_WebP~jpg.webp,21139,https://www.loukko.com/vaatteet-ja-ajovarusteet/gs-pro-jersey,3GG2100416
137870,GasGas Pro takki,"61,68 €",https://www.loukko.com/assets/ProductCatalog/150/SilverShop_Page_Product-149240/c6479021a766327a00ff7433066b09f7__PadWzM4OCwzODgsIkZGRkZGRiIsMF0_WatermarkWzAsMCwzODgsMzg4LCJDZW50ZXIiLDI2Njk0MV0_WebP~png.webp,21139,https://www.loukko.com/sahkopyorat/gasgas-pro-jacket,3GG2300119
137871,GasGas Status Kypärä lasten,"185,20 €",https://www.loukko.com/assets/ProductCatalog/284/SilverShop_Page_Product-283338/3GG220048302-P__PadWzM4OCwzODgsIkZGRkZGRiIsMF0_WatermarkWzAsMCwzODgsMzg4LCJDZW50ZXIiLDI2Njk0MV0_WebP~jpg.webp,21139,https://www.loukko.com/vaatteet-ja-ajovarusteet/gasgas-kids-status-kypara,3GG2200483
137872,GasGas Team Hardshell Takki,"185,11 €",https://www.loukko.com/assets/ProductCatalog/150/SilverShop_Page_Product-149241/a8377795db3b17dd221c36e664ff4852__PadWzM4OCwzODgsIkZGRkZGRiIsMF0_WatermarkWzAsMCwzODgsMzg4LCJDZW50ZXIiLDI2Njk0MV0_WebP~png.webp,21139,https://www.loukko.com/sahkopyorat/gasgas-team-hardshell-jacket,3GG2300314
137873,GasGas Team Softshell takki,"133,72 €",https://www.loukko.com/assets/ProductCatalog/279/SilverShop_Page_Product-278648/3GG230031500-P__PadWzM4OCwzODgsIkZGRkZGRiIsMF0_WatermarkWzAsMCwzODgsMzg4LCJDZW50ZXIiLDI2Njk0MV0_WebP~jpg.webp,21139,https://www.loukko.com/vaatteet-ja-ajovarusteet/gasgas-tean-softshell-takki,3GG2300315
137874,GasGas Trial liivi,"61,71 €",https://www.loukko.com/assets/ProductCatalog/283/SilverShop_Page_Product-282353/3GG240019102-P__PadWzM4OCwzODgsIkZGRkZGRiIsMF0_WatermarkWzAsMCwzODgsMzg4LCJDZW50ZXIiLDI2Njk0MV0_WebP~jpg.webp,21139,https://www.loukko.com/sahkopyorat/gas-gas-trial-liivi,3GG2400191
137875,Lynx Active Housut,"159,00 €",https://www.loukko.com/assets/ProductCatalog/145/SilverShop_Page_Product-144784/44f2177ebe07ef25c2f53ddf73c12460__PadWzM4OCwzODgsIkZGRkZGRiIsMF0_WatermarkWzAsMCwzODgsMzg4LCJDZW50ZXIiLDI2Njk0MV0_WebP~jpg.webp,21139,https://www.loukko.com/sahkopyorat/lynx-active-housut,651136
137876,Lynx Active Tuulitakki,"49,00 €",https://www.loukko.com/assets/ProductCatalog/145/SilverShop_Page_Product-144456/0d6b9796337e51333fc580b99887143d__PadWzM4OCwzODgsIkZGRkZGRiIsMF0_WatermarkWzAsMCwzODgsMzg4LCJDZW50ZXIiLDI2Njk0MV0_WebP~jpg.webp,21139,https://www.loukko.com/sahkopyorat/lynx-active-takki,650148_90
137877,"Yamaha IXS Trigger (MIPS) MTB/Gravel ‑kypärä, harmaa","167,00 €",https://www.loukko.com/assets/ProductCatalog/148/SilverShop_Page_Product-147720/6f9087ca49185c761ec8da42bddce95b__PadWzM4OCwzODgsIkZGRkZGRiIsMF0_WatermarkWzAsMCwzODgsMzg4LCJDZW50ZXIiLDI2Njk0MV0_WebP~png.webp,21139,https://www.loukko.com/sahkopyorat/yamaha-ixs-trigger-mips-mtbgravel-kypara-harmaa,YMEFMTBH00_
137878,Ballistol Bicycle chain cleaner ketjunpuhdistaja,"10,02 €",https://www.loukko.com/assets/ProductCatalog/284/SilverShop_Page_Product-283891/28800_Ketten-Reiniger-RGB_800x800__PadWzM4OCwzODgsIkZGRkZGRiIsMF0_WatermarkWzAsMCwzODgsMzg4LCJDZW50ZXIiLDI2Njk0MV0_WebP~jpg.webp,21140,https://www.loukko.com/sahkopyorat/bicycle-chain-cleaner-,4017777288001
137879,Ballistol Chain Oil ketjuöljy 200 ml,"16,09 €",https://www.loukko.com/assets/ProductCatalog/284/SilverShop_Page_Product-283892/ballistol-ceramic-chain-oil-bikecer-spray-200ml-1-lowres__PadWzM4OCwzODgsIkZGRkZGRiIsMF0_WatermarkWzAsMCwzODgsMzg4LCJDZW50ZXIiLDI2Njk0MV0_WebP~jpg.webp,21140,https://www.loukko.com/sahkopyorat/ballistol-chain-oil-ketjuoljy-200-ml,4017777280593
137880,"Blackice 27,5"", 65-584, 2.6"" nastarengas","141,69 €",https://www.loukko.com/assets/ProductCatalog/284/SilverShop_Page_Product-283893/bi65622400k-1__PadWzM4OCwzODgsIkZGRkZGRiIsMF0_WatermarkWzAsMCwzODgsMzg4LCJDZW50ZXIiLDI2Njk0MV0_WebP~jpg.webp,21140,https://www.loukko.com/sahkopyorat/blackice-275-65-584-2-6-nastarengas,BI65584400K
137881,CAVO 9/16 MTB/BMX POLJIN musta,"60,68 €",https://www.loukko.com/assets/ProductCatalog/284/SilverShop_Page_Product-283888/tuotesivu_Poljin916CavoFlaBMXthermoplasticmustateollisuuslaakeritvaihdettava_47-146_999f4952591355c9169fc733b94ce72d_1__PadWzM4OCwzODgsIkZGRkZGRiIsMF0_WatermarkWzAsMCwzODgsMzg4LCJDZW50ZXIiLDI2Njk0MV0_WebP~jpg.webp,21140,https://www.loukko.com/sahkopyorat/cavo-916-mtbbmx-poljin-musta,47-146
137882,Cavo 9/16 MTB/BMX poljin punainen,"60,68 €",https://www.loukko.com/assets/ProductCatalog/284/SilverShop_Page_Product-283887/tuotesivu_Polkimet916ProFlatBMXMTBPunainen_6438131052102_ed133b6a51c1a43fdb839a792a9fabe8_1__PadWzM4OCwzODgsIkZGRkZGRiIsMF0_WatermarkWzAsMCwzODgsMzg4LCJDZW50ZXIiLDI2Njk0MV0_WebP~jpg.webp,21140,https://www.loukko.com/sahkopyorat/cavo-916-mtbbmx-poljin-punainen,47-148
137883,GasGas G Trail Hydro 8 Reppu,"150,45 €",https://www.loukko.com/assets/ProductCatalog/150/SilverShop_Page_Product-149217/a82a1c348e7b6b183c6c18087a05fae1__PadWzM4OCwzODgsIkZGRkZGRiIsMF0_WatermarkWzAsMCwzODgsMzg4LCJDZW50ZXIiLDI2Njk0MV0_WebP~png.webp,21140,https://www.loukko.com/vaatteet-ja-ajovarusteet/gasgas-g-trail-hydro-8-reppu,3GB230017600
137884,GasGas Juomapullo 500ml,"6,96 €",https://www.loukko.com/assets/ProductCatalog/289/SilverShop_Page_Product-288937/Convert-1200Wx1200H-PHO-DS-NMON-Bottle-GASGAS-SALL-AWSG-V1__PadWzM4OCwzODgsIkZGRkZGRiIsMF0_WatermarkWzAsMCwzODgsMzg4LCJDZW50ZXIiLDI2Njk0MV0.webp,21140,https://www.loukko.com/vaatteet-ja-ajovarusteet/gasgas-bicycles-bottle-500ml,GGB230007INT
137885,GasGas V6 Termospullo,"35,00 €",https://www.loukko.com/assets/ProductCatalog/289/SilverShop_Page_Product-288879/Convert-1200Wx1200H-PHO-GG-PW-PERS-VS-66486-3GG240032300-V6-THERMO-BOTTLE-SALL-AWSG-V1__PadWzM4OCwzODgsIkZGRkZGRiIsMF0_WatermarkWzAsMCwzODgsMzg4LCJDZW50ZXIiLDI2Njk0MV0.webp,21140,https://www.loukko.com/vaatteet-ja-ajovarusteet/gasgas-v6-termospullo,3GG240032300
137886,Hybrid pedal Trail DualChoice poljin,"69,00 €",https://www.loukko.com/assets/ProductCatalog/284/SilverShop_Page_Product-283889/8716683127362__PadWzM4OCwzODgsIkZGRkZGRiIsMF0_WatermarkWzAsMCwzODgsMzg4LCJDZW50ZXIiLDI2Njk0MV0_WebP~png.webp,21140,https://www.loukko.com/sahkopyorat/hybrid-pedal-trail-dualchoice-poljin,8716683127362
137887,Lezyne E-Bike Macro Drive 1000 etuvalo,"105,00 €",https://www.loukko.com/assets/ProductCatalog/284/SilverShop_Page_Product-283401/lezyne__PadWzM4OCwzODgsIkZGRkZGRiIsMF0_WatermarkWzAsMCwzODgsMzg4LCJDZW50ZXIiLDI2Njk0MV0_WebP~png.webp,21140,https://www.loukko.com/sahkopyorat/lezyne-e-bike-macro-drive-1000-etuvalo,1-LED-EMACR-V104S
137888,Moon Helix Lite 40/100 lm takavalo ladattava,"33,35 €",https://www.loukko.com/assets/ProductCatalog/284/SilverShop_Page_Product-283885/tuotesivu_PolkupyoranTakavaloMoonHelixLite40100lmLadattava_68696_2ddd477f959a044ef6201587e2479bdb_3__PadWzM4OCwzODgsIkZGRkZGRiIsMF0_WatermarkWzAsMCwzODgsMzg4LCJDZW50ZXIiLDI2Njk0MV0_WebP~jpg.webp,21140,https://www.loukko.com/sahkopyorat/moon-helix-lite-40100-lm-takavalo-ladattava,68696
137889,Moon Rigel Lite 500 lm Led-etuvalo,"29,35 €",https://www.loukko.com/assets/ProductCatalog/284/SilverShop_Page_Product-283436/moon-rigel__PadWzM4OCwzODgsIkZGRkZGRiIsMF0_WatermarkWzAsMCwzODgsMzg4LCJDZW50ZXIiLDI2Njk0MV0_WebP~png.webp,21140,https://www.loukko.com/sahkopyorat/moon-rigel-lite-500-lm-led-etuvalo,68691
137890,Moon Rigel Pro 1000 lm Led-etuvalo,"69,95 €",https://www.loukko.com/assets/ProductCatalog/284/SilverShop_Page_Product-283437/tuotesivu_PolkupyoranEtuvaloMoonRigelPro900lmLadattava_68692_769d3925e6e47f7d306c0499320f2a5a_3__PadWzM4OCwzODgsIkZGRkZGRiIsMF0_WatermarkWzAsMCwzODgsMzg4LCJDZW50ZXIiLDI2Njk0MV0_WebP~jpg.webp,21140,https://www.loukko.com/sahkopyorat/moon-rigel-pro-1000-lm-led-etuvalo,68692
137891,Pulloteline BBB FlexCage mattamusta,"20,14 €",https://www.loukko.com/assets/ProductCatalog/283/SilverShop_Page_Product-282125/bbbbbc-36-mb__PadWzM4OCwzODgsIkZGRkZGRiIsMF0_WatermarkWzAsMCwzODgsMzg4LCJDZW50ZXIiLDI2Njk0MV0_WebP~jpg.webp,21140,https://www.loukko.com/sahkopyorat/pulloteline-bbb-flexcage-mattamusta,8716683089691
137892,SKS Etulokasuoja,"46,05 €",https://www.loukko.com/assets/ProductCatalog/289/SilverShop_Page_Product-288907/Nayttokuva-2024-08-15-161851__PadWzM4OCwzODgsIkZGRkZGRiIsMF0_WatermarkWzAsMCwzODgsMzg4LCJDZW50ZXIiLDI2Njk0MV0.webp,21140,https://www.loukko.com/sahkopyorat/sks-etulokasuoja,11669
137893,Trelock SK 415 lukko,"33,91 €",https://www.loukko.com/assets/ProductCatalog/284/SilverShop_Page_Product-283400/e0008329__PadWzM4OCwzODgsIkZGRkZGRiIsMF0_WatermarkWzAsMCwzODgsMzg4LCJDZW50ZXIiLDI2Njk0MV0_WebP~Jpg.webp,21140,https://www.loukko.com/sahkopyorat/trelock-sk-415-lukko,4016167070684
137894,"Yamaha 40 mm:n MTB-ohjainkannatin, 31,8 mm","55,67 €",https://www.loukko.com/assets/ProductCatalog/148/SilverShop_Page_Product-147712/217745fe63be8ffd1a81cbe2fa6245be__PadWzM4OCwzODgsIkZGRkZGRiIsMF0_WatermarkWzAsMCwzODgsMzg4LCJDZW50ZXIiLDI2Njk0MV0_WebP~png.webp,21140,https://www.loukko.com/sahkopyorat/yamaha-40-mmn-mtb-ohjainkannatin-318-mm,X1VF61260000
137895,Yamaha Adventure-reppu,"201,41 €",https://www.loukko.com/assets/ProductCatalog/148/SilverShop_Page_Product-147713/ee9dc07ed2d674f8dd48958de9de978f__PadWzM4OCwzODgsIkZGRkZGRiIsMF0_WatermarkWzAsMCwzODgsMzg4LCJDZW50ZXIiLDI2Njk0MV0_WebP~png.webp,21140,https://www.loukko.com/sahkopyorat/yamaha-adventure-reppu,YMEFPRRS0000
137896,Yamaha Ajovaloyksikkö,"55,67 €",https://www.loukko.com/assets/ProductCatalog/148/SilverShop_Page_Product-147714/bacfb22c3196b92a59206a1a432e5046__PadWzM4OCwzODgsIkZGRkZGRiIsMF0_WatermarkWzAsMCwzODgsMzg4LCJDZW50ZXIiLDI2Njk0MV0_WebP~png.webp,21140,https://www.loukko.com/sahkopyorat/yamaha-ajovaloyksikko,X2U841030000
137897,Yamaha Ajovarusteteline,"120,44 €",https://www.loukko.com/assets/ProductCatalog/148/SilverShop_Page_Product-147715/676f8690a40657d90799ce12df37e5c3__PadWzM4OCwzODgsIkZGRkZGRiIsMF0_WatermarkWzAsMCwzODgsMzg4LCJDZW50ZXIiLDI2Njk0MV0_WebP~png.webp,21140,https://www.loukko.com/sahkopyorat/yamaha-ajovarusteteline,YMEFGRRK00_
137898,Yamaha Akkulaturi (EU),"251,00 €",https://www.loukko.com/assets/ProductCatalog/148/SilverShop_Page_Product-147716/72fb1d48ba1c4838403ea61d16bdc6b1__PadWzM4OCwzODgsIkZGRkZGRiIsMF0_WatermarkWzAsMCwzODgsMzg4LCJDZW50ZXIiLDI2Njk0MV0_WebP~png.webp,21140,https://www.loukko.com/sahkopyorat/yamaha-akkulaturi-eu,X1R821071000
137899,Yamaha Akselin pultti,"35,42 €",https://www.loukko.com/assets/ProductCatalog/148/SilverShop_Page_Product-147717/37714b2d0f666ff9a5259b019da9751e__PadWzM4OCwzODgsIkZGRkZGRiIsMF0_WatermarkWzAsMCwzODgsMzg4LCJDZW50ZXIiLDI2Njk0MV0_WebP~png.webp,21140,https://www.loukko.com/sahkopyorat/yamaha-akselin-pultti,X1MF513B0000
137900,Yamaha Etusisälaukku,"49,59 €",https://www.loukko.com/assets/ProductCatalog/148/SilverShop_Page_Product-147719/0853f92413a5de8c9defea3c2628f895__PadWzM4OCwzODgsIkZGRkZGRiIsMF0_WatermarkWzAsMCwzODgsMzg4LCJDZW50ZXIiLDI2Njk0MV0_WebP~png.webp,21140,https://www.loukko.com/sahkopyorat/yamaha-etusisalaukku,YMEFBSTF0000
137901,Yamaha juomapullo,"13,11 €",https://www.loukko.com/assets/ProductCatalog/289/SilverShop_Page_Product-288938/N22-BD008-B0-75-BIDON-WATER-BOTTLE-FOR-CYCLING-Studio-001_Tablet__PadWzM4OCwzODgsIkZGRkZGRiIsMF0_WatermarkWzAsMCwzODgsMzg4LCJDZW50ZXIiLDI2Njk0MV0.webp,21140,https://www.loukko.com/sahkopyorat/yamaha-juomapullo,N22BD008E075
137902,Yamaha Kahvasarja,"24,80 €",https://www.loukko.com/assets/ProductCatalog/148/SilverShop_Page_Product-147721/0ad62d2e3ccb6563894508f69aa64cba__PadWzM4OCwzODgsIkZGRkZGRiIsMF0_WatermarkWzAsMCwzODgsMzg4LCJDZW50ZXIiLDI2Njk0MV0_WebP~png.webp,21140,https://www.loukko.com/sahkopyorat/yamaha-kahvasarja,X2UF62010000
137903,Yamaha Kahvasarja,"35,42 €",https://www.loukko.com/assets/ProductCatalog/148/SilverShop_Page_Product-147722/535e653304fbb7e757f5a0ef7a07e6eb__PadWzM4OCwzODgsIkZGRkZGRiIsMF0_WatermarkWzAsMCwzODgsMzg4LCJDZW50ZXIiLDI2Njk0MV0_WebP~png.webp,21140,https://www.loukko.com/sahkopyorat/yamaha-kahvasarja-2,X0NF62011000
137904,Yamaha Keskiseisontatuen pultti,"3,74 €",https://www.loukko.com/assets/ProductCatalog/148/SilverShop_Page_Product-147723/8dead09dd1d7ff1dd109f864959d1171__PadWzM4OCwzODgsIkZGRkZGRiIsMF0_WatermarkWzAsMCwzODgsMzg4LCJDZW50ZXIiLDI2Njk0MV0_WebP~png.webp,21140,https://www.loukko.com/sahkopyorat/yamaha-keskiseisontatuen-pultti,X1MF71170000
137905,Yamaha Korkeapaineinen haarukan/iskunvaimentimen pumppu,"59,71 €",https://www.loukko.com/assets/ProductCatalog/148/SilverShop_Page_Product-147724/a335dbc65a14e08a02eee8181a528d8d__PadWzM4OCwzODgsIkZGRkZGRiIsMF0_WatermarkWzAsMCwzODgsMzg4LCJDZW50ZXIiLDI2Njk0MV0_WebP~png.webp,21140,https://www.loukko.com/sahkopyorat/yamaha-korkeapaineinen-haarukaniskunvaimentimen-pumppu,YMEFSPDX0000
137906,Yamaha Levy,"4,45 €",https://www.loukko.com/assets/ProductCatalog/148/SilverShop_Page_Product-147725/1003c67989608f145dedde6b1e3de04d__PadWzM4OCwzODgsIkZGRkZGRiIsMF0_WatermarkWzAsMCwzODgsMzg4LCJDZW50ZXIiLDI2Njk0MV0_WebP~png.webp,21140,https://www.loukko.com/sahkopyorat/yamaha-levy,X1MF72750000
137907,"Yamaha Maantie-/soratieohjainkannatin, 100 mm +/- 7°, 31,8 mm","69,83 €",https://www.loukko.com/assets/ProductCatalog/148/SilverShop_Page_Product-147727/08651a815927d3e354b41bd5f91e8973__PadWzM4OCwzODgsIkZGRkZGRiIsMF0_WatermarkWzAsMCwzODgsMzg4LCJDZW50ZXIiLDI2Njk0MV0_WebP~png.webp,21140,https://www.loukko.com/sahkopyorat/yamaha-maantie-soratieohjainkannatin-100-mm-and-7-318-mm,X2UF61260000
137908,"Yamaha Maantie-/soratieohjainkannatin, 90 mm +/-7°, 31,8 mm","35,42 €",https://www.loukko.com/assets/ProductCatalog/148/SilverShop_Page_Product-147728/d3eff7554b9b39b9ade1e0dcb6ccb2df__PadWzM4OCwzODgsIkZGRkZGRiIsMF0_WatermarkWzAsMCwzODgsMzg4LCJDZW50ZXIiLDI2Njk0MV0_WebP~png.webp,21140,https://www.loukko.com/sahkopyorat/yamaha-maantie-soratieohjainkannatin-90-mm-and-7-318-mm,X0NF61263000
137909,Yamaha Moottorin suojus,"29,35 €",https://www.loukko.com/assets/ProductCatalog/148/SilverShop_Page_Product-147729/894753a463cda559294d41817cf3fc93__PadWzM4OCwzODgsIkZGRkZGRiIsMF0_WatermarkWzAsMCwzODgsMzg4LCJDZW50ZXIiLDI2Njk0MV0_WebP~png.webp,21140,https://www.loukko.com/sahkopyorat/yamaha-moottorin-suojus,X2Y154900000
137910,"Yamaha Ohjainlaakerin komposiittivälike, 10 mm","3,04 €",https://www.loukko.com/assets/ProductCatalog/148/SilverShop_Page_Product-147730/a14feba0987b0a07c94fe58f3dc3bc94__PadWzM4OCwzODgsIkZGRkZGRiIsMF0_WatermarkWzAsMCwzODgsMzg4LCJDZW50ZXIiLDI2Njk0MV0_WebP~png.webp,21140,https://www.loukko.com/sahkopyorat/yamaha-ohjainlaakerin-komposiittivalike-10-mm,X0NF33630000
137911,"Yamaha Ohjainlaakerin komposiittivälike, 5 mm","3,04 €",https://www.loukko.com/assets/ProductCatalog/148/SilverShop_Page_Product-147731/e13c266146d55d020a8ff96b816d3de9__PadWzM4OCwzODgsIkZGRkZGRiIsMF0_WatermarkWzAsMCwzODgsMzg4LCJDZW50ZXIiLDI2Njk0MV0_WebP~png.webp,21140,https://www.loukko.com/sahkopyorat/yamaha-ohjainlaakerin-komposiittivalike-5-mm,X0NF33640000
137912,Yamaha Ohjainlaakerin korkki ja kiristyskäpy 1-1/8 tuumaa,"6,58 €",https://www.loukko.com/assets/ProductCatalog/148/SilverShop_Page_Product-147732/90e8a6d23566bda44a5fe9312d5d8a41__PadWzM4OCwzODgsIkZGRkZGRiIsMF0_WatermarkWzAsMCwzODgsMzg4LCJDZW50ZXIiLDI2Njk0MV0_WebP~png.webp,21140,https://www.loukko.com/sahkopyorat/yamaha-ohjainlaakerin-korkki-ja-kiristyskapy-1-18-tuumaa,X0NF287K1000
137913,Yamaha Ohjaustangon asennusvarsi,"69,83 €",https://www.loukko.com/assets/ProductCatalog/148/SilverShop_Page_Product-147727/08651a815927d3e354b41bd5f91e8973__PadWzM4OCwzODgsIkZGRkZGRiIsMF0_WatermarkWzAsMCwzODgsMzg4LCJDZW50ZXIiLDI2Njk0MV0_WebP~png.webp,21140,https://www.loukko.com/sahkopyorat/yamaha-ohjaustangon-asennusvarsi,X2UF61261000
137914,Yamaha Ohjaustangon suojatulppa,"3,54 €",https://www.loukko.com/assets/ProductCatalog/148/SilverShop_Page_Product-147734/6e21fc2ab5c5d1c6da9862e4f5615401__PadWzM4OCwzODgsIkZGRkZGRiIsMF0_WatermarkWzAsMCwzODgsMzg4LCJDZW50ZXIiLDI2Njk0MV0_WebP~png.webp,21140,https://www.loukko.com/sahkopyorat/yamaha-ohjaustangon-suojatulppa,X2UF62160000
137915,Yamaha Ohjaustangon teippi,"19,74 €",https://www.loukko.com/assets/ProductCatalog/148/SilverShop_Page_Product-147735/ce12c8ac293bf8be63ad25759dec5165__PadWzM4OCwzODgsIkZGRkZGRiIsMF0_WatermarkWzAsMCwzODgsMzg4LCJDZW50ZXIiLDI2Njk0MV0_WebP~png.webp,21140,https://www.loukko.com/sahkopyorat/yamaha-ohjaustangon-teippi,X2VF61170000
137916,Yamaha Poljinsarja,"35,42 €",https://www.loukko.com/assets/ProductCatalog/148/SilverShop_Page_Product-147737/6ad68286d4f62cbfc3598c7bd1b3ddb9__PadWzM4OCwzODgsIkZGRkZGRiIsMF0_WatermarkWzAsMCwzODgsMzg4LCJDZW50ZXIiLDI2Njk0MV0_WebP~png.webp,21140,https://www.loukko.com/sahkopyorat/yamaha-poljinsarja-2,X1MF785A0000
137917,Yamaha Poljinsarja,"11,13 €",https://www.loukko.com/assets/ProductCatalog/148/SilverShop_Page_Product-147736/b44110ca11dd296a2cbd0eff33fda286__PadWzM4OCwzODgsIkZGRkZGRiIsMF0_WatermarkWzAsMCwzODgsMzg4LCJDZW50ZXIiLDI2Njk0MV0_WebP~png.webp,21140,https://www.loukko.com/sahkopyorat/yamaha-poljinsarja,X1VF785A0000
137918,Yamaha PRO MTB -tankokiinnitys,"59,71 €",https://www.loukko.com/assets/ProductCatalog/148/SilverShop_Page_Product-147738/282ac95c26c0e37a972cc883e3bcba08__PadWzM4OCwzODgsIkZGRkZGRiIsMF0_WatermarkWzAsMCwzODgsMzg4LCJDZW50ZXIiLDI2Njk0MV0_WebP~png.webp,21140,https://www.loukko.com/sahkopyorat/yamaha-pro-mtb-tankokiinnitys,YMEFMBIT0000
137919,Yamaha Pulloteline,"15,14 €",https://www.loukko.com/assets/ProductCatalog/290/SilverShop_Page_Product-289872/Nayttokuva-2024-09-26-150639__PadWzM4OCwzODgsIkZGRkZGRiIsMF0_WatermarkWzAsMCwzODgsMzg4LCJDZW50ZXIiLDI2Njk0MV0.webp,21140,https://www.loukko.com/sahkopyorat/yamaha-pulloteline,YMEFBCAG0000
137920,Yamaha Racing -juomareppu,"59,71 €",https://www.loukko.com/assets/ProductCatalog/148/SilverShop_Page_Product-147740/cc9869c62fc6b30f1891ea30c1573466__PadWzM4OCwzODgsIkZGRkZGRiIsMF0_WatermarkWzAsMCwzODgsMzg4LCJDZW50ZXIiLDI2Njk0MV0_WebP~png.webp,21140,https://www.loukko.com/sahkopyorat/yamaha-racing-juomareppu,T21JG003B400
137921,Yamaha Racing -matto,"130,56 €",https://www.loukko.com/assets/ProductCatalog/148/SilverShop_Page_Product-147741/16158381fab63d69409dad47b14de8a7__PadWzM4OCwzODgsIkZGRkZGRiIsMF0_WatermarkWzAsMCwzODgsMzg4LCJDZW50ZXIiLDI2Njk0MV0_WebP~png.webp,21140,https://www.loukko.com/sahkopyorat/yamaha-racing-matto,YMEENVIRHQ_
137922,Yamaha Satula,"54,65 €",https://www.loukko.com/assets/ProductCatalog/148/SilverShop_Page_Product-147742/bde3c812bf878956821e1f33a1ff8ec6__PadWzM4OCwzODgsIkZGRkZGRiIsMF0_WatermarkWzAsMCwzODgsMzg4LCJDZW50ZXIiLDI2Njk0MV0_WebP~png.webp,21140,https://www.loukko.com/sahkopyorat/yamaha-satula,X2UF49100000
137923,Yamaha Satula,"50,10 €",https://www.loukko.com/assets/ProductCatalog/148/SilverShop_Page_Product-147743/b99f09388485db36c9e3825757d01266__PadWzM4OCwzODgsIkZGRkZGRiIsMF0_WatermarkWzAsMCwzODgsMzg4LCJDZW50ZXIiLDI2Njk0MV0_WebP~png.webp,21140,https://www.loukko.com/sahkopyorat/yamaha-satula-2,X1VF49100000
137924,Yamaha Satula,"49,59 €",https://www.loukko.com/assets/ProductCatalog/148/SilverShop_Page_Product-147744/e2bfa24e976c2d2b8a414de3a79fbeff__PadWzM4OCwzODgsIkZGRkZGRiIsMF0_WatermarkWzAsMCwzODgsMzg4LCJDZW50ZXIiLDI2Njk0MV0_WebP~png.webp,21140,https://www.loukko.com/sahkopyorat/yamaha-satula-3,X0NF49107000
137925,Yamaha Satulakokokonaisuus,"43,01 €",https://www.loukko.com/assets/ProductCatalog/148/SilverShop_Page_Product-147745/2e169137b691c9bce018ef76c876c6e8__PadWzM4OCwzODgsIkZGRkZGRiIsMF0_WatermarkWzAsMCwzODgsMzg4LCJDZW50ZXIiLDI2Njk0MV0_WebP~png.webp,21140,https://www.loukko.com/sahkopyorat/yamaha-satulakokokonaisuus,X0NF49105000
137926,Yamaha Satulan kiinnityspultti,"11,13 €",https://www.loukko.com/assets/ProductCatalog/148/SilverShop_Page_Product-147746/b943d94001e10c06e04574f294d42f3e__PadWzM4OCwzODgsIkZGRkZGRiIsMF0_WatermarkWzAsMCwzODgsMzg4LCJDZW50ZXIiLDI2Njk0MV0_WebP~png.webp,21140,https://www.loukko.com/sahkopyorat/yamaha-satulan-kiinnityspultti,X1VF47170000
137927,Yamaha Satulaputki,"35,42 €",https://www.loukko.com/assets/ProductCatalog/148/SilverShop_Page_Product-147747/b9c27ccb51ec406f191a17a3c4a7cee3__PadWzM4OCwzODgsIkZGRkZGRiIsMF0_WatermarkWzAsMCwzODgsMzg4LCJDZW50ZXIiLDI2Njk0MV0_WebP~png.webp,21140,https://www.loukko.com/sahkopyorat/yamaha-satulaputki,X0NF49215100
137928,Yamaha Sivulaukkusarja,"227,72 €",https://www.loukko.com/assets/ProductCatalog/148/SilverShop_Page_Product-147748/69a115de3c92ff4329845e3c90c736db__PadWzM4OCwzODgsIkZGRkZGRiIsMF0_WatermarkWzAsMCwzODgsMzg4LCJDZW50ZXIiLDI2Njk0MV0_WebP~png.webp,21140,https://www.loukko.com/sahkopyorat/yamaha-sivulaukkusarja,YMEFSBST0000
137929,Yamaha Soittokello,"8,60 €",https://www.loukko.com/assets/ProductCatalog/148/SilverShop_Page_Product-147750/c9b879689228056c1daa0bb714021f12__PadWzM4OCwzODgsIkZGRkZGRiIsMF0_WatermarkWzAsMCwzODgsMzg4LCJDZW50ZXIiLDI2Njk0MV0_WebP~png.webp,21140,https://www.loukko.com/sahkopyorat/yamaha-soittokello,X0NH33822000
137930,Yamaha Suojus,"19,74 €",https://www.loukko.com/assets/ProductCatalog/148/SilverShop_Page_Product-147751/e0efd905576fa1bac69870096e402ef0__PadWzM4OCwzODgsIkZGRkZGRiIsMF0_WatermarkWzAsMCwzODgsMzg4LCJDZW50ZXIiLDI2Njk0MV0_WebP~png.webp,21140,https://www.loukko.com/sahkopyorat/yamaha-suojus,X0P154901000
137931,Yamaha Taka-akselin pultti,"35,42 €",https://www.loukko.com/assets/ProductCatalog/148/SilverShop_Page_Product-147752/9d6da15255c0c5af0c067edba813b7b4__PadWzM4OCwzODgsIkZGRkZGRiIsMF0_WatermarkWzAsMCwzODgsMzg4LCJDZW50ZXIiLDI2Njk0MV0_WebP~png.webp,21140,https://www.loukko.com/sahkopyorat/yamaha-taka-akselin-pultti,X1VF533B0000
137932,Yamaha Takakori,"90,08 €",https://www.loukko.com/assets/ProductCatalog/148/SilverShop_Page_Product-147753/f5397be76fe52334be69f59ef34c5193__PadWzM4OCwzODgsIkZGRkZGRiIsMF0_WatermarkWzAsMCwzODgsMzg4LCJDZW50ZXIiLDI2Njk0MV0_WebP~png.webp,21140,https://www.loukko.com/sahkopyorat/yamaha-takakori,X3WF84EA1000
137933,Yamaha Takasisälaukku,"45,54 €",https://www.loukko.com/assets/ProductCatalog/148/SilverShop_Page_Product-147754/94cd77e3b32d4ec0fa72458f2d530f70__PadWzM4OCwzODgsIkZGRkZGRiIsMF0_WatermarkWzAsMCwzODgsMzg4LCJDZW50ZXIiLDI2Njk0MV0_WebP~png.webp,21140,https://www.loukko.com/sahkopyorat/yamaha-takasisalaukku,YMEFBSTR0000
137934,Yamaha Takavaloyksikkö,"130,56 €",https://www.loukko.com/assets/ProductCatalog/148/SilverShop_Page_Product-147755/c6997f89f8c7e7d91a2870e53141a902__PadWzM4OCwzODgsIkZGRkZGRiIsMF0_WatermarkWzAsMCwzODgsMzg4LCJDZW50ZXIiLDI2Njk0MV0_WebP~png.webp,21140,https://www.loukko.com/sahkopyorat/yamaha-takavaloyksikko,X2U845100000
137935,Yamaha Tankokiinnitys,"79,96 €",https://www.loukko.com/assets/ProductCatalog/148/SilverShop_Page_Product-147756/92aada3340143f4530023206c6bd8cb6__PadWzM4OCwzODgsIkZGRkZGRiIsMF0_WatermarkWzAsMCwzODgsMzg4LCJDZW50ZXIiLDI2Njk0MV0_WebP~png.webp,21140,https://www.loukko.com/sahkopyorat/yamaha-tankokiinnitys,YMEFMKIT0002
137936,Yamaha Tavarateline,"75,91 €",https://www.loukko.com/assets/ProductCatalog/148/SilverShop_Page_Product-147757/6f75833ada96650c27bf3fb66171552f__PadWzM4OCwzODgsIkZGRkZGRiIsMF0_WatermarkWzAsMCwzODgsMzg4LCJDZW50ZXIiLDI2Njk0MV0_WebP~png.webp,21140,https://www.loukko.com/sahkopyorat/yamaha-tavarateline,YMEFCARR0000
137937,"Yamaha Universal Case -puhelinkotelo M, harmaa","36,44 €",https://www.loukko.com/assets/ProductCatalog/148/SilverShop_Page_Product-147758/b9720bdfac6391a79e5066b23f517143__PadWzM4OCwzODgsIkZGRkZGRiIsMF0_WatermarkWzAsMCwzODgsMzg4LCJDZW50ZXIiLDI2Njk0MV0_WebP~png.webp,21140,https://www.loukko.com/sahkopyorat/yamaha-universal-case-puhelinkotelo-m-harmaa,YMEFUNVC0000
137938,"Yamaha Universal Case -puhelinkotelo, musta","36,44 €",https://www.loukko.com/assets/ProductCatalog/148/SilverShop_Page_Product-147758/b9720bdfac6391a79e5066b23f517143__PadWzM4OCwzODgsIkZGRkZGRiIsMF0_WatermarkWzAsMCwzODgsMzg4LCJDZW50ZXIiLDI2Njk0MV0_WebP~png.webp,21140,https://www.loukko.com/sahkopyorat/yamaha-universal-case-puhelinkotelo-musta,YMEFUNVC0002
137939,Yamaha Vice-avopolkimet,"86,03 €",https://www.loukko.com/assets/ProductCatalog/148/SilverShop_Page_Product-147760/b240aac651a93f0d212ff8b81253345f__PadWzM4OCwzODgsIkZGRkZGRiIsMF0_WatermarkWzAsMCwzODgsMzg4LCJDZW50ZXIiLDI2Njk0MV0_WebP~png.webp,21140,https://www.loukko.com/sahkopyorat/yamaha-vice-avopolkimet,YMEFMTBP0000
137940,Yamaha VX Trail ‑poljin,"75,91 €",https://www.loukko.com/assets/ProductCatalog/148/SilverShop_Page_Product-147761/577a742bd2d7af3bdbfca63283aad160__PadWzM4OCwzODgsIkZGRkZGRiIsMF0_WatermarkWzAsMCwzODgsMzg4LCJDZW50ZXIiLDI2Njk0MV0_WebP~png.webp,21140,https://www.loukko.com/sahkopyorat/yamaha-vx-trail-poljin,YMEFSPDV0000
137941,GasGas MC-E 1.12 Tasapainopyörä,"849,00 €",https://www.loukko.com/assets/ProductCatalog/277/SilverShop_Page_Product-276245/PHO_BIKE_90_RE_GASGAS-MC-E-112-MY23-90-right_SALL_AEPI_V2__PadWzM4OCwzODgsIkZGRkZGRiIsMF0_WatermarkWzAsMCwzODgsMzg4LCJDZW50ZXIiLDI2Njk0MV0_WebP~jpg.webp,21141,https://www.loukko.com/vaatteet-ja-ajovarusteet/gasgas-mc-e-1-12-tastapainopyora,F3003WB / 3GG230077400
137942,GasGas MC-E 1.16 Tasapainopyörä,"990,00 €",https://www.loukko.com/assets/ProductCatalog/277/SilverShop_Page_Product-276246/PHO_BIKE_90_RE_GASGAS-MC-E-1-6-MY23-90-right_SALL_AEPI_V1__PadWzM4OCwzODgsIkZGRkZGRiIsMF0_WatermarkWzAsMCwzODgsMzg4LCJDZW50ZXIiLDI2Njk0MV0_WebP~jpg.webp,21141,https://www.loukko.com/vaatteet-ja-ajovarusteet/gasgas-mc-e-1-16-2023-tastapainopyora,F3003WC / 3GG230077100
137943,GasGas MC-E 1.20 Tasapainopyörä,"2490,00 €",https://www.loukko.com/assets/ProductCatalog/277/SilverShop_Page_Product-276247/PHO_BIKE_90_RE_GASGAS-MC-E-1-20-MY23-90-right_SALL_AEPI_V1__PadWzM4OCwzODgsIkZGRkZGRiIsMF0_WatermarkWzAsMCwzODgsMzg4LCJDZW50ZXIiLDI2Njk0MV0_WebP~jpg.webp,21141,https://www.loukko.com/vaatteet-ja-ajovarusteet/gasgas-mc-e-1-20-2023-tastapainopyora,F3003WE / 3GG230076800
137944,GasGas MJ 1 2024 Tasapainopyörä,"99,00 €",https://www.loukko.com/assets/ProductCatalog/291/SilverShop_Page_Product-290381/0209396_0__PadWzM4OCwzODgsIkZGRkZGRiIsMF0_WatermarkWzAsMCwzODgsMzg4LCJDZW50ZXIiLDI2Njk0MV0.webp,21141,https://www.loukko.com/vaatteet-ja-ajovarusteet/gas-gas-mj-1-2024-tasapainopyora,3GB230057400
137945,KTM SX-E 1.12 Tasapainopyörä *tilapäisesti loppu,"873,35 €",https://www.loukko.com/assets/ProductCatalog/145/SilverShop_Page_Product-144085/435abd453e30f3207e7d868735007ca3__PadWzM4OCwzODgsIkZGRkZGRiIsMF0_WatermarkWzAsMCwzODgsMzg4LCJDZW50ZXIiLDI2Njk0MV0_WebP~jpg.webp,21141,https://www.loukko.com/vaatteet-ja-ajovarusteet/ktm-replica-12edrive,F3003W7 / 3PW230074500
137946,KTM SX-E 1.16 Tasapainopyörä,"990,00 €",https://www.loukko.com/assets/ProductCatalog/277/SilverShop_Page_Product-276238/Nayttokuva-2024-12-05-105154__PadWzM4OCwzODgsIkZGRkZGRiIsMF0_WatermarkWzAsMCwzODgsMzg4LCJDZW50ZXIiLDI2Njk0MV0.webp,21141,https://www.loukko.com/vaatteet-ja-ajovarusteet/ktm-sx-e-1-16-2023-tasapainopyora,F3003W8 / 3PW230074400
137947,KTM SX-E 1.20 Tasapainopyörä,"2490,00 €",https://www.loukko.com/assets/ProductCatalog/283/SilverShop_Page_Product-282127/tuotesivu_KTMSX-E1_202023_9383_4cc3c8cac7797bd40030823baabc8a35_1__PadWzM4OCwzODgsIkZGRkZGRiIsMF0_WatermarkWzAsMCwzODgsMzg4LCJDZW50ZXIiLDI2Njk0MV0_WebP~jpg.webp,21141,https://www.loukko.com/vaatteet-ja-ajovarusteet/ktm-sx-e-1-20,F3003WA / 3PW230074300
137948,KTM Tasapainopyörä *tulossa helmikuussa,"185,11 €",https://www.loukko.com/assets/ProductCatalog/293/SilverShop_Page_Product-292015/Convert-1200Wx1200H-PHO-PW-PERS-VS-549037-3PW240031800-KIDS-TRAINING-BIKE-PERSP-Casual-KIDS-SALL-AWSG-V2__PadWzM4OCwzODgsIkZGRkZGRiIsMF0_WatermarkWzAsMCwzODgsMzg4LCJDZW50ZXIiLDI2Njk0MV0.webp,21141,https://www.loukko.com/sahkopyorat/ktm-tasapainopyora,3PW240031800
